hour_start,season,comed_price,comed_price_median,comed_cutoff,start_soc,end_soc,grid_kwh,solar_kwh,load_kwh,battery_charge_kwh,battery_discharge_kwh,policy_action,epcube_mode,reserve_soc,sample_count,used_fallback_power_integration
2026-04-01 19:00,shoulder,4.1,4.0,6.3,79,79,0.210,0.000,0.180,0.000,0.000,below_cutoff,self_consumption,100,14,False
2026-04-01 20:00,shoulder,2.8,3.8,6.2,79,79,1.900,0.000,1.800,0.000,0.000,below_cutoff,self_consumption,100,60,False
2026-04-01 21:00,shoulder,2.7,3.7,6.1,79,79,2.130,0.000,2.050,0.000,0.000,below_cutoff,self_consumption,100,59,False
2026-04-01 22:00,shoulder,11.7,3.7,6.1,79,71,0.260,0.000,2.030,0.000,1.600,above_cutoff,self_consumption,41,58,False
2026-04-01 23:00,shoulder,1.9,3.5,6.8,70,69,2.200,0.000,2.460,0.000,0.200,below_cutoff,self_consumption,100,59,False
2026-04-02 00:00,shoulder,2.5,3.5,6.8,69,69,2.453,0.000,2.365,0.000,0.000,below_cutoff,self_consumption,100,59,True
2026-04-02 01:00,shoulder,2.0,3.5,6.8,69,69,2.540,0.000,2.460,0.000,0.000,below_cutoff,self_consumption,100,60,False
2026-04-02 02:00,shoulder,1.6,3.5,6.8,69,69,3.220,0.000,3.120,0.000,0.000,below_cutoff,self_consumption,100,59,False
2026-04-02 03:00,shoulder,2.6,3.5,6.8,69,69,3.320,0.000,3.240,0.000,0.000,below_cutoff,self_consumption,100,59,False
2026-04-02 04:00,shoulder,2.4,3.4,6.7,69,69,2.510,0.000,2.420,0.000,0.000,below_cutoff,self_consumption,100,59,False
2026-04-02 05:00,shoulder,2.8,3.3,6.7,69,69,2.720,0.000,2.630,0.000,0.000,below_cutoff,self_consumption,100,59,False
2026-04-02 06:00,shoulder,4.2,3.3,5.9,69,69,1.080,0.000,1.010,0.000,0.000,below_cutoff,self_consumption,100,59,False
2026-04-02 07:00,shoulder,4.2,3.3,5.9,69,69,0.640,0.010,0.610,0.000,0.000,below_cutoff,self_consumption,100,59,False
2026-04-02 08:00,shoulder,5.1,3.3,6.0,69,69,1.000,0.060,0.980,0.000,0.000,below_cutoff,self_consumption,100,59,False
2026-04-02 09:00,shoulder,3.5,3.5,5.9,69,69,0.950,0.280,1.150,0.000,0.000,below_cutoff,self_consumption,100,48,False
2026-04-02 10:00,shoulder,3.6,3.4,6.3,69,69,1.240,0.410,1.560,0.000,0.000,below_cutoff,self_consumption,100,60,False
2026-04-02 11:00,shoulder,3.8,3.3,6.7,69,69,0.780,0.660,1.350,0.000,0.000,below_cutoff,self_consumption,100,59,False
2026-04-02 12:00,shoulder,2.8,3.2,6.8,69,69,0.350,1.090,1.360,0.000,0.000,below_cutoff,self_consumption,100,59,False
2026-04-02 13:00,shoulder,3.5,3.2,6.5,69,69,0.470,1.260,1.630,0.000,0.000,below_cutoff,self_consumption,100,59,False
2026-04-02 14:00,shoulder,4.4,3.2,6.0,69,69,0.870,0.800,1.560,0.000,0.000,below_cutoff,self_consumption,100,59,False
2026-04-02 15:00,shoulder,1.2,3.1,5.5,69,69,0.990,0.500,1.390,0.000,0.000,below_cutoff,self_consumption,100,59,False
2026-04-02 16:00,shoulder,2.2,3.1,5.3,69,69,0.940,0.430,1.290,0.000,0.000,below_cutoff,self_consumption,100,59,False
2026-04-02 17:00,shoulder,15.0,3.1,5.2,69,70,1.050,0.630,1.530,0.200,0.000,above_cutoff,self_consumption,36,59,False
2026-04-02 18:00,shoulder,4.0,3.0,5.1,70,70,1.290,0.460,1.720,0.000,0.000,below_cutoff,self_consumption,100,59,False
2026-04-02 19:00,shoulder,12.8,3.0,5.3,70,66,0.220,0.000,0.980,0.000,0.800,above_cutoff,self_consumption,39,59,False
2026-04-02 20:00,shoulder,3.3,3.1,5.4,66,65,1.310,0.000,1.360,0.000,0.200,below_cutoff,self_consumption,100,59,False
2026-04-02 21:00,shoulder,3.9,3.1,5.4,65,64,0.640,0.000,0.790,0.000,0.200,below_cutoff,self_consumption,100,59,False
2026-04-02 22:00,shoulder,2.8,3.1,5.4,64,64,1.540,0.000,1.450,0.000,0.000,below_cutoff,self_consumption,100,59,False
2026-04-02 23:00,shoulder,2.7,3.1,6.2,64,64,1.500,0.000,1.410,0.000,0.000,below_cutoff,self_consumption,100,59,False
2026-04-03 00:00,shoulder,2.7,3.1,6.2,64,64,2.052,0.000,1.964,0.000,0.000,below_cutoff,self_consumption,100,59,True
2026-04-03 01:00,shoulder,2.2,3.1,6.2,64,64,2.100,0.000,2.000,0.000,0.000,below_cutoff,self_consumption,100,59,False
2026-04-03 02:00,shoulder,2.4,3.1,6.2,64,64,1.610,0.000,1.510,0.000,0.000,below_cutoff,self_consumption,100,60,False
2026-04-03 03:00,shoulder,3.5,3.1,6.2,64,64,1.440,0.000,1.350,0.000,0.000,below_cutoff,self_consumption,100,59,False
2026-04-03 04:00,shoulder,6.3,3.1,6.2,64,64,1.400,0.000,1.310,0.000,0.000,below_cutoff,self_consumption,100,59,False
2026-04-03 05:00,shoulder,8.0,3.2,6.3,64,63,1.190,0.000,1.320,0.000,0.200,above_cutoff,self_consumption,50,59,False
2026-04-03 06:00,shoulder,3.9,3.2,5.5,63,62,1.170,0.010,1.330,0.000,0.200,below_cutoff,self_consumption,100,59,False
2026-04-03 07:00,shoulder,6.2,3.2,5.6,62,60,0.760,0.140,1.170,0.000,0.400,above_cutoff,self_consumption,50,59,False
2026-04-03 08:00,shoulder,3.4,3.2,5.7,60,60,0.080,0.530,0.510,0.000,0.000,below_cutoff,self_consumption,100,59,False
2026-04-03 09:00,shoulder,3.6,3.2,5.8,60,63,0.030,1.300,0.710,0.600,0.000,below_cutoff,self_consumption,100,59,False
2026-04-03 10:00,shoulder,2.6,3.2,6.2,63,66,0.100,2.150,1.340,0.600,0.000,below_cutoff,self_consumption,100,59,False
2026-04-03 11:00,shoulder,2.3,3.1,6.3,66,74,0.740,4.060,3.190,1.600,0.000,below_cutoff,self_consumption,100,59,False
2026-04-03 12:00,shoulder,2.3,3.1,6.3,74,82,0.500,4.620,3.280,1.600,0.000,below_cutoff,self_consumption,100,59,False
2026-04-03 13:00,shoulder,2.4,3.1,6.0,82,93,-12.520,4.690,1.610,2.200,0.000,below_cutoff,self_consumption,100,59,False
2026-04-03 14:00,shoulder,3.6,3.1,5.5,93,95,0.650,3.960,4.000,0.400,0.000,below_cutoff,self_consumption,100,60,False
2026-04-03 15:00,shoulder,7.2,3.1,5.0,95,95,-12.620,3.040,2.520,0.000,0.000,above_cutoff,self_consumption,60,58,False
2026-04-03 16:00,shoulder,3.8,3.2,4.9,95,95,12.920,1.340,0.560,0.000,0.000,below_cutoff,self_consumption,100,59,False
2026-04-03 17:00,shoulder,2.1,3.2,4.7,95,95,2.180,0.850,2.700,0.000,0.000,below_cutoff,self_consumption,100,59,False
2026-04-03 18:00,shoulder,1.9,3.1,4.6,95,95,4.700,0.190,4.800,0.000,0.000,below_cutoff,self_consumption,100,60,False
2026-04-03 19:00,shoulder,3.5,3.1,4.6,95,90,1.860,0.000,2.820,0.000,1.000,below_cutoff,self_consumption,100,59,False
2026-04-03 20:00,shoulder,2.4,3.0,4.5,90,90,1.590,0.000,1.500,0.000,0.000,below_cutoff,self_consumption,100,59,False
2026-04-03 21:00,shoulder,2.3,3.0,4.5,90,90,1.720,0.000,1.640,0.000,0.000,below_cutoff,self_consumption,100,59,False
2026-04-03 22:00,shoulder,4.1,3.0,4.5,90,87,0.530,0.000,1.330,0.000,0.600,below_cutoff,self_consumption,100,59,False
2026-04-03 23:00,shoulder,3.5,3.0,5.3,87,87,1.670,0.000,1.580,0.000,0.000,below_cutoff,self_consumption,100,59,False
2026-04-04 00:00,shoulder,3.4,3.1,6.3,87,87,1.840,0.000,1.750,0.000,0.000,below_cutoff,self_consumption,100,59,False
2026-04-04 01:00,shoulder,2.1,3.1,6.3,87,87,2.320,0.000,2.240,0.000,0.000,below_cutoff,self_consumption,100,59,False
2026-04-04 02:00,shoulder,1.8,3.1,6.3,87,87,1.920,0.000,1.830,0.000,0.000,below_cutoff,self_consumption,100,59,False
2026-04-04 03:00,shoulder,2.2,3.0,6.3,87,87,1.590,0.000,1.500,0.000,0.000,below_cutoff,self_consumption,100,59,False
2026-04-04 04:00,shoulder,2.9,3.0,6.2,87,87,1.630,0.000,1.530,0.000,0.000,below_cutoff,self_consumption,100,60,False
2026-04-04 05:00,shoulder,3.5,3.0,6.2,87,87,0.880,0.000,0.790,0.000,0.000,below_cutoff,self_consumption,100,59,False
2026-04-04 06:00,shoulder,2.0,3.0,5.4,87,87,0.520,0.000,0.430,0.000,0.000,below_cutoff,self_consumption,100,59,False
2026-04-04 07:00,shoulder,1.6,2.9,5.4,87,87,0.570,0.150,0.630,0.000,0.000,below_cutoff,self_consumption,100,59,False
2026-04-04 08:00,shoulder,1.8,2.8,5.4,87,87,0.280,0.350,0.540,0.000,0.000,below_cutoff,self_consumption,100,59,False
2026-04-04 09:00,shoulder,1.6,2.8,5.6,87,87,1.160,0.280,1.350,0.000,0.000,below_cutoff,self_consumption,100,59,False
2026-04-04 10:00,shoulder,1.8,2.8,6.1,87,87,2.170,0.560,2.650,0.000,0.000,below_cutoff,self_consumption,100,59,False
2026-04-04 11:00,shoulder,2.4,2.8,6.6,87,87,2.210,0.730,2.850,0.000,0.000,below_cutoff,self_consumption,100,59,False
2026-04-04 12:00,shoulder,0.1,2.8,6.8,87,87,0.690,1.100,1.670,0.000,0.000,below_cutoff,self_consumption,100,60,False
2026-04-04 13:00,shoulder,6.5,2.8,6.6,87,87,0.490,1.400,1.790,0.000,0.000,below_cutoff,self_consumption,100,59,False
2026-04-04 14:00,shoulder,-1.6,2.7,6.0,87,91,0.220,3.490,2.520,0.800,0.000,below_cutoff,self_consumption,100,59,False
2026-04-04 15:00,shoulder,-1.2,2.6,5.5,91,91,0.180,2.220,2.230,0.000,0.000,below_cutoff,self_consumption,100,59,False
2026-04-04 16:00,shoulder,6.3,2.5,5.2,91,91,1.010,0.860,1.850,0.000,0.000,above_cutoff,self_consumption,60,59,False
2026-04-04 17:00,shoulder,1.7,2.5,5.2,91,91,1.760,0.410,2.140,0.000,0.000,below_cutoff,self_consumption,100,59,False
2026-04-04 18:00,shoulder,6.1,2.6,5.2,91,90,1.490,0.090,1.770,0.000,0.200,above_cutoff,self_consumption,60,59,False
2026-04-04 19:00,shoulder,1.9,2.5,5.1,90,89,1.210,0.000,1.280,0.000,0.200,below_cutoff,self_consumption,100,59,False
2026-04-04 20:00,shoulder,2.9,2.6,5.2,89,89,0.700,0.000,0.740,0.000,0.000,below_cutoff,self_consumption,100,59,False
2026-04-04 21:00,shoulder,3.3,2.6,5.2,89,88,0.650,0.000,0.760,0.000,0.200,below_cutoff,self_consumption,100,59,False
2026-04-04 22:00,shoulder,7.6,2.5,5.1,88,85,0.240,0.000,0.830,0.000,0.600,above_cutoff,self_consumption,60,58,False
2026-04-04 23:00,shoulder,4.9,2.3,5.8,85,84,0.600,0.000,0.750,0.000,0.200,below_cutoff,self_consumption,100,59,False
2026-04-05 00:00,shoulder,4.5,2.1,5.7,84,84,0.730,0.000,0.640,0.000,0.000,below_cutoff,self_consumption,100,59,False
2026-04-05 01:00,shoulder,-0.9,2.0,5.6,84,84,0.800,0.000,0.720,0.000,0.000,below_cutoff,self_consumption,100,59,False
2026-04-05 02:00,shoulder,-0.5,2.0,5.6,84,84,0.660,0.000,0.570,0.000,0.000,below_cutoff,self_consumption,100,59,False
2026-04-05 03:00,shoulder,1.2,1.9,5.6,84,84,0.740,0.000,0.650,0.000,0.000,below_cutoff,self_consumption,100,60,False
2026-04-05 04:00,shoulder,1.7,1.8,5.5,84,84,0.690,0.000,0.610,0.000,0.000,below_cutoff,self_consumption,100,59,False
2026-04-05 05:00,shoulder,1.6,1.7,5.4,84,84,0.860,0.000,0.760,0.000,0.000,below_cutoff,self_consumption,100,59,False
2026-04-05 06:00,shoulder,2.9,1.7,4.7,84,84,0.720,0.010,0.640,0.000,0.000,below_cutoff,self_consumption,100,59,False
2026-04-05 07:00,shoulder,3.5,1.8,4.7,84,84,0.300,0.240,0.490,0.000,0.000,below_cutoff,self_consumption,100,59,False
2026-04-05 08:00,shoulder,2.1,1.8,4.8,84,86,0.260,1.820,1.670,0.400,0.000,below_cutoff,self_consumption,100,59,False
2026-04-05 09:00,shoulder,0.7,1.8,5.0,86,92,-5.770,3.140,1.720,1.200,0.000,below_cutoff,self_consumption,100,59,False
2026-04-05 10:00,shoulder,6.9,1.9,5.5,92,95,1.800,4.640,1.660,0.600,0.000,above_cutoff,self_consumption,50,59,False
2026-04-05 11:00,shoulder,0.1,1.9,6.0,95,96,3.270,5.400,1.290,0.200,0.000,below_cutoff,self_consumption,100,59,False
2026-04-05 12:00,shoulder,-1.5,1.9,6.3,96,100,4.170,5.830,1.570,0.800,0.000,below_cutoff,self_consumption,85,59,False
2026-04-05 13:00,shoulder,-1.7,1.9,6.0,100,100,4.240,5.890,1.630,0.000,0.000,below_cutoff,self_consumption,85,59,False
2026-04-05 14:00,shoulder,-2.1,1.9,5.6,100,100,4.530,5.500,0.990,0.000,0.000,below_cutoff,self_consumption,85,59,False
2026-04-05 15:00,shoulder,-2.0,1.9,5.1,100,100,3.810,4.620,0.820,0.000,0.000,below_cutoff,self_consumption,85,59,False
2026-04-05 16:00,shoulder,-0.5,1.8,4.8,100,100,2.740,3.540,0.790,0.000,0.000,below_cutoff,self_consumption,85,59,False
2026-04-05 17:00,shoulder,0.6,1.8,4.7,100,100,1.870,2.630,0.750,0.000,0.000,below_cutoff,self_consumption,100,59,False
2026-04-05 18:00,shoulder,20.5,1.9,4.8,100,100,-20.880,0.850,0.780,0.000,0.000,above_cutoff,self_consumption,29,59,False
2026-04-05 19:00,shoulder,24.2,2.0,4.9,100,94,0.030,0.010,1.000,0.000,1.200,above_cutoff,self_consumption,26,58,False
2026-04-05 20:00,shoulder,3.0,2.1,5.0,94,93,0.650,0.000,0.730,0.000,0.200,below_cutoff,self_consumption,100,59,False
2026-04-05 21:00,shoulder,3.1,2.1,5.0,93,92,0.570,0.000,0.650,0.000,0.200,below_cutoff,self_consumption,100,59,False
2026-04-05 22:00,shoulder,0.4,2.0,5.0,92,92,0.740,0.000,0.650,0.000,0.000,below_cutoff,self_consumption,100,59,False
2026-04-05 23:00,shoulder,-0.7,2.0,5.7,92,92,0.670,0.000,0.590,0.000,0.000,below_cutoff,self_consumption,100,59,False
2026-04-06 00:00,shoulder,0.9,2.0,4.8,92,92,0.660,0.000,0.571,0.000,0.000,below_cutoff,self_consumption,100,60,True
2026-04-06 01:00,shoulder,10.0,2.1,4.9,92,89,0.110,0.000,0.830,0.000,0.600,above_cutoff,self_consumption,38,58,False
2026-04-06 02:00,shoulder,0.3,2.1,4.9,89,89,0.660,0.000,0.670,0.000,0.000,below_cutoff,self_consumption,100,59,False
2026-04-06 03:00,shoulder,0.3,2.1,4.9,89,89,0.810,0.000,0.730,0.000,0.000,below_cutoff,self_consumption,100,59,False
2026-04-06 04:00,shoulder,-0.2,2.1,4.9,89,89,0.810,0.000,0.730,0.000,0.000,below_cutoff,self_consumption,100,59,False
2026-04-06 05:00,shoulder,4.6,2.3,5.0,89,89,0.640,0.000,0.550,0.000,0.000,below_cutoff,self_consumption,100,60,False
2026-04-06 06:00,shoulder,3.5,2.2,4.2,89,88,1.090,0.020,1.200,0.000,0.200,below_cutoff,self_consumption,100,58,False
2026-04-06 07:00,shoulder,5.0,2.2,4.2,88,88,0.870,1.200,1.880,0.000,0.000,above_cutoff,self_consumption,50,59,False
2026-04-06 08:00,shoulder,1.7,2.2,4.3,88,93,0.020,1.890,0.810,1.000,0.000,below_cutoff,self_consumption,100,59,False
2026-04-06 09:00,shoulder,2.4,2.2,4.6,93,95,-4.750,2.510,0.760,0.400,0.000,below_cutoff,self_consumption,100,60,False
2026-04-06 10:00,shoulder,2.0,2.0,4.9,95,95,1.590,3.500,1.240,0.000,0.000,below_cutoff,self_consumption,100,59,False
2026-04-06 11:00,shoulder,1.7,2.0,5.4,95,100,2.760,3.860,1.000,1.000,0.000,below_cutoff,self_consumption,100,59,False
2026-04-06 12:00,shoulder,0.6,2.0,5.6,100,100,2.590,3.510,0.920,0.000,0.000,below_cutoff,self_consumption,100,59,False
2026-04-06 13:00,shoulder,1.0,2.0,5.3,100,100,2.550,3.370,0.820,0.000,0.000,below_cutoff,self_consumption,100,59,False
2026-04-06 14:00,shoulder,0.9,2.0,4.9,100,100,2.210,2.960,0.750,0.000,0.000,below_cutoff,self_consumption,100,59,False
2026-04-06 15:00,shoulder,-0.2,2.0,4.4,100,100,0.170,0.250,0.100,0.000,0.000,below_cutoff,self_consumption,85,12,False
2026-04-06 16:00,shoulder,-1.4,2.0,4.2,100,98,-7.570,1.870,1.360,0.000,0.400,below_cutoff,self_consumption,85,59,False
2026-04-06 17:00,shoulder,1.0,2.0,4.1,98,98,3.000,1.660,4.580,0.000,0.000,below_cutoff,self_consumption,100,57,False
2026-04-06 18:00,shoulder,42.5,2.0,4.0,98,98,2.210,0.400,2.550,0.000,0.000,above_cutoff,self_consumption,20,59,False
2026-04-06 19:00,shoulder,112.2,2.0,4.3,98,94,0.020,0.010,0.880,0.000,0.800,above_cutoff,self_consumption,20,59,False
2026-04-06 20:00,shoulder,5.6,2.0,4.3,94,88,0.000,0.000,1.120,0.000,1.200,above_cutoff,self_consumption,60,59,False
2026-04-06 21:00,shoulder,5.2,2.1,4.4,88,83,0.020,0.000,1.040,0.000,1.000,above_cutoff,self_consumption,60,58,False
2026-04-06 22:00,shoulder,3.7,2.5,4.7,83,82,1.440,0.000,1.530,0.000,0.200,below_cutoff,self_consumption,100,59,False
2026-04-06 23:00,shoulder,2.7,2.6,5.6,82,82,1.590,0.000,1.500,0.000,0.000,below_cutoff,self_consumption,100,60,False
2026-04-07 00:00,shoulder,2.7,2.6,5.6,82,82,2.310,0.000,2.220,0.000,0.000,below_cutoff,self_consumption,100,59,False
2026-04-07 01:00,shoulder,3.1,2.7,5.7,82,82,1.970,0.000,1.880,0.000,0.000,below_cutoff,self_consumption,100,59,False
2026-04-07 02:00,shoulder,3.5,2.9,5.8,82,82,0.770,0.000,0.680,0.000,0.000,below_cutoff,self_consumption,100,59,False
2026-04-07 03:00,shoulder,13.2,2.9,5.9,82,80,0.280,0.000,0.790,0.000,0.400,above_cutoff,self_consumption,29,56,False
2026-04-07 04:00,shoulder,2.5,2.9,5.9,79,79,0.540,0.000,0.620,0.000,0.000,below_cutoff,self_consumption,100,59,False
2026-04-07 05:00,shoulder,9.5,2.9,6.0,79,77,0.560,0.000,0.920,0.000,0.400,above_cutoff,self_consumption,38,59,False
2026-04-07 06:00,shoulder,14.7,3.0,5.4,77,73,0.010,0.030,0.870,0.000,0.800,above_cutoff,self_consumption,27,59,False
2026-04-07 07:00,shoulder,4.9,3.1,5.6,73,68,0.510,1.300,2.650,0.000,1.000,below_cutoff,self_consumption,100,58,False
2026-04-07 08:00,shoulder,2.6,3.1,5.4,68,76,0.060,2.350,0.690,1.600,0.000,below_cutoff,self_consumption,100,59,False
2026-04-07 09:00,shoulder,4.7,3.1,5.4,76,87,-6.600,3.500,0.650,2.200,0.000,below_cutoff,self_consumption,100,59,False
2026-04-07 10:00,shoulder,1.8,3.1,5.8,87,95,2.270,4.780,0.560,1.600,0.000,below_cutoff,self_consumption,85,59,False
2026-04-07 11:00,shoulder,1.6,3.1,6.3,95,95,4.190,5.730,0.680,0.000,0.000,below_cutoff,self_consumption,85,59,False
2026-04-07 12:00,shoulder,1.7,3.1,6.5,95,100,5.070,5.960,0.630,1.000,0.000,below_cutoff,self_consumption,85,59,False
2026-04-07 13:00,shoulder,1.7,3.1,6.3,100,100,4.950,5.960,1.020,0.000,0.000,below_cutoff,self_consumption,85,59,False
2026-04-07 14:00,shoulder,1.8,3.1,5.8,100,100,3.910,5.560,1.660,0.000,0.000,below_cutoff,self_consumption,85,59,False
2026-04-07 15:00,shoulder,1.8,3.1,5.4,100,100,-14.110,4.530,4.090,0.000,0.000,below_cutoff,self_consumption,100,59,False
2026-04-07 16:00,shoulder,1.9,3.1,5.1,100,100,1.240,3.230,2.110,0.000,0.000,below_cutoff,self_consumption,100,59,False
2026-04-07 17:00,shoulder,1.9,3.1,5.1,100,100,1.170,2.090,0.940,0.000,0.000,below_cutoff,self_consumption,100,59,False
2026-04-07 18:00,shoulder,2.9,3.2,5.1,100,100,-16.800,0.800,0.600,0.000,0.000,below_cutoff,self_consumption,100,57,False
2026-04-07 19:00,shoulder,4.7,3.1,4.7,100,98,0.430,0.010,0.700,0.000,0.400,above_cutoff,self_consumption,60,59,False
2026-04-07 20:00,shoulder,8.7,3.0,4.6,98,93,0.020,0.000,1.160,0.000,1.000,above_cutoff,self_consumption,54,59,False
2026-04-07 21:00,shoulder,5.6,2.9,4.7,92,82,0.020,0.000,2.190,0.000,2.000,above_cutoff,self_consumption,60,59,False
2026-04-07 22:00,shoulder,3.6,2.9,4.7,82,80,2.120,0.000,2.520,0.000,0.400,below_cutoff,self_consumption,100,59,False
2026-04-07 23:00,shoulder,2.2,2.9,5.5,80,80,2.550,0.000,2.460,0.000,0.000,below_cutoff,self_consumption,100,59,False
2026-04-08 00:00,shoulder,1.1,2.9,5.5,80,80,2.600,0.000,2.510,0.000,0.000,below_cutoff,self_consumption,100,59,False
2026-04-08 01:00,shoulder,0.4,2.9,5.5,80,80,2.640,0.000,2.560,0.000,0.000,below_cutoff,self_consumption,100,59,False
2026-04-08 02:00,shoulder,0.9,2.6,5.3,80,80,2.040,0.000,1.950,0.000,0.000,below_cutoff,self_consumption,100,59,False
2026-04-08 03:00,shoulder,0.8,2.5,5.2,80,80,1.630,0.000,1.540,0.000,0.000,below_cutoff,self_consumption,100,59,False
2026-04-08 04:00,shoulder,1.8,2.5,5.2,80,80,1.610,0.000,1.520,0.000,0.000,below_cutoff,self_consumption,100,60,False
2026-04-08 05:00,shoulder,5.7,2.5,5.3,80,77,0.670,0.000,1.240,0.000,0.600,above_cutoff,self_consumption,50,58,False
2026-04-08 06:00,shoulder,3.0,2.3,4.4,77,75,0.450,0.020,0.940,0.000,0.400,below_cutoff,self_consumption,100,59,False
2026-04-08 07:00,shoulder,-1.5,2.2,4.4,75,75,1.190,0.320,1.420,0.000,0.000,below_cutoff,self_consumption,100,59,False
2026-04-08 08:00,shoulder,1.8,2.1,4.4,75,76,0.250,1.600,1.470,0.200,0.000,below_cutoff,self_consumption,100,59,False
2026-04-08 09:00,shoulder,1.8,2.0,4.3,76,85,0.010,2.810,0.710,1.800,0.000,below_cutoff,self_consumption,100,59,False
2026-04-08 10:00,shoulder,1.3,2.0,4.7,85,95,-12.440,3.600,0.600,2.000,0.000,below_cutoff,self_consumption,85,59,False
2026-04-08 11:00,shoulder,0.7,2.0,5.2,95,95,2.910,4.430,0.660,0.000,0.000,below_cutoff,self_consumption,85,60,False
2026-04-08 12:00,shoulder,0.7,2.0,5.4,95,100,3.730,4.810,0.700,1.000,0.000,below_cutoff,self_consumption,85,59,False
2026-04-08 13:00,shoulder,1.0,2.0,5.2,100,100,4.440,5.120,0.670,0.000,0.000,below_cutoff,self_consumption,85,59,False
2026-04-08 14:00,shoulder,0.2,2.0,4.7,100,100,4.680,5.400,0.730,0.000,0.000,below_cutoff,self_consumption,85,59,False
2026-04-08 15:00,shoulder,0.2,2.0,4.3,100,100,-3.650,4.440,0.890,0.000,0.000,below_cutoff,self_consumption,100,59,False
2026-04-08 16:00,shoulder,0.8,2.0,4.0,100,98,0.570,3.420,3.910,0.000,0.400,below_cutoff,self_consumption,100,59,False
2026-04-08 17:00,shoulder,0.8,1.9,3.9,98,100,1.600,2.410,3.760,0.400,0.000,below_cutoff,self_consumption,100,59,False
2026-04-08 18:00,shoulder,2.4,1.8,3.8,100,100,-2.250,0.710,3.480,0.000,0.000,below_cutoff,self_consumption,100,59,False
2026-04-08 19:00,shoulder,2.9,1.8,3.8,100,98,1.370,0.010,1.580,0.000,0.400,below_cutoff,self_consumption,100,59,False
2026-04-08 20:00,shoulder,2.9,1.8,3.7,98,97,1.260,0.000,1.570,0.000,0.200,below_cutoff,self_consumption,100,59,False
2026-04-08 21:00,shoulder,2.1,1.8,3.7,97,96,1.650,0.000,1.700,0.000,0.200,below_cutoff,self_consumption,100,59,False
2026-04-08 22:00,shoulder,1.8,1.7,3.7,96,96,8.670,0.000,8.580,0.000,0.000,below_cutoff,self_consumption,100,59,False
2026-04-08 23:00,shoulder,2.7,1.7,4.5,96,96,8.900,0.000,8.810,0.000,0.000,below_cutoff,self_consumption,100,59,False
2026-04-09 00:00,shoulder,2.5,1.8,4.5,96,96,8.927,0.000,8.839,0.000,0.000,below_cutoff,self_consumption,100,59,True
2026-04-09 01:00,shoulder,2.5,1.9,4.6,96,96,5.180,0.000,5.080,0.000,0.000,below_cutoff,self_consumption,100,53,False
2026-04-09 02:00,shoulder,2.4,2.1,4.7,96,96,1.500,0.000,1.400,0.000,0.000,below_cutoff,self_consumption,100,59,False
2026-04-09 03:00,shoulder,3.0,2.3,4.9,96,96,1.480,0.000,1.390,0.000,0.000,below_cutoff,self_consumption,100,59,False
2026-04-09 04:00,shoulder,16.6,2.4,5.0,96,95,1.350,0.000,1.410,0.000,0.200,above_cutoff,self_consumption,24,58,False
2026-04-09 05:00,shoulder,8.0,2.4,5.0,95,93,0.940,0.000,1.470,0.000,0.400,above_cutoff,self_consumption,50,59,False
2026-04-09 06:00,shoulder,3.7,2.4,4.2,93,91,0.180,0.000,0.600,0.000,0.400,below_cutoff,self_consumption,100,59,False
2026-04-09 07:00,shoulder,1.8,2.5,4.3,91,90,0.910,0.320,1.130,0.000,0.200,below_cutoff,self_consumption,100,59,False
2026-04-09 08:00,shoulder,1.2,2.5,4.4,90,95,0.150,2.120,0.820,1.000,0.000,below_cutoff,self_consumption,85,59,False
2026-04-09 09:00,shoulder,2.4,2.5,4.6,95,95,1.470,3.250,0.930,0.000,0.000,below_cutoff,self_consumption,100,59,False
2026-04-09 10:00,shoulder,2.4,2.5,5.0,95,100,2.070,4.290,1.990,1.000,0.000,below_cutoff,self_consumption,100,59,False
2026-04-09 11:00,shoulder,2.2,2.5,5.5,100,100,3.530,5.070,1.580,0.000,0.000,below_cutoff,self_consumption,100,59,False
2026-04-09 12:00,shoulder,2.1,2.5,5.7,100,100,4.300,5.560,1.250,0.000,0.000,below_cutoff,self_consumption,100,59,False
2026-04-09 13:00,shoulder,2.0,2.5,5.5,100,100,4.400,5.510,1.160,0.000,0.000,below_cutoff,self_consumption,85,59,False
2026-04-09 14:00,shoulder,2.4,2.5,5.0,100,100,1.570,4.920,3.340,0.000,0.000,below_cutoff,self_consumption,100,59,False
2026-04-09 15:00,shoulder,2.6,2.5,4.6,100,100,1.080,3.330,2.610,0.000,0.000,below_cutoff,self_consumption,100,59,False
2026-04-09 16:00,shoulder,3.5,2.5,4.4,100,100,2.400,2.000,1.230,0.000,0.000,below_cutoff,self_consumption,100,59,False
2026-04-09 17:00,shoulder,4.9,2.7,4.4,100,100,1.290,0.390,1.620,0.000,0.000,above_cutoff,self_consumption,60,59,False
2026-04-09 18:00,shoulder,8.4,2.7,4.4,100,98,0.450,0.020,0.640,0.000,0.400,above_cutoff,self_consumption,56,59,False
2026-04-09 19:00,shoulder,4.9,2.8,4.4,98,94,0.000,0.000,0.930,0.000,0.800,above_cutoff,self_consumption,60,59,False
2026-04-09 20:00,shoulder,5.3,2.8,4.5,94,82,0.010,0.000,2.330,0.000,2.400,above_cutoff,self_consumption,60,59,False
2026-04-09 21:00,shoulder,3.2,2.8,4.6,82,81,0.830,0.000,1.000,0.000,0.200,below_cutoff,self_consumption,100,59,False
2026-04-09 22:00,shoulder,3.1,2.9,4.6,81,81,1.670,0.000,1.570,0.000,0.000,below_cutoff,self_consumption,100,59,False
2026-04-09 23:00,shoulder,2.5,2.9,5.4,81,81,1.480,0.000,1.390,0.000,0.000,below_cutoff,self_consumption,100,59,False
2026-04-10 00:00,shoulder,4.0,3.0,5.5,81,81,1.340,0.000,1.240,0.000,0.000,below_cutoff,self_consumption,100,59,False
2026-04-10 01:00,shoulder,2.7,3.0,5.5,81,81,1.490,0.000,1.400,0.000,0.000,below_cutoff,self_consumption,100,59,False
2026-04-10 02:00,shoulder,2.6,3.0,5.5,81,81,1.440,0.000,1.360,0.000,0.000,below_cutoff,self_consumption,100,59,False
2026-04-10 03:00,shoulder,3.1,3.0,5.5,81,81,1.470,0.000,1.370,0.000,0.000,below_cutoff,self_consumption,100,59,False
2026-04-10 04:00,shoulder,4.5,3.0,5.5,81,81,1.320,0.000,1.230,0.000,0.000,below_cutoff,self_consumption,100,59,False
2026-04-10 05:00,shoulder,6.0,3.0,5.5,81,79,1.360,0.000,1.670,0.000,0.400,above_cutoff,self_consumption,50,59,False
2026-04-10 06:00,shoulder,6.1,3.1,4.9,79,75,0.020,0.000,0.870,0.000,0.800,above_cutoff,self_consumption,50,59,False
2026-04-10 07:00,shoulder,5.9,3.2,5.3,75,66,0.970,0.030,2.700,0.000,1.800,above_cutoff,self_consumption,50,58,False
2026-04-10 10:00,shoulder,3.1,3.2,6.1,66,66,0.000,0.000,0.000,0.000,0.000,below_cutoff,self_consumption,100,1,False
2026-04-10 11:00,shoulder,12.6,3.6,6.8,68,69,0.000,0.260,0.060,0.200,0.000,above_cutoff,self_consumption,35,2,False
2026-04-10 12:00,shoulder,5.4,3.8,7.0,70,72,0.110,1.900,1.260,0.400,0.000,below_cutoff,self_consumption,100,12,False
2026-04-10 13:00,shoulder,5.8,3.9,6.9,72,73,0.100,0.840,0.720,0.200,0.000,below_cutoff,self_consumption,100,12,False
2026-04-10 14:00,shoulder,4.1,3.9,6.3,73,75,0.030,1.060,0.650,0.400,0.000,below_cutoff,self_consumption,100,12,False
2026-04-10 15:00,shoulder,7.4,4.0,5.7,75,82,0.040,2.180,0.550,1.400,0.000,above_cutoff,self_consumption,60,12,False
2026-04-10 16:00,shoulder,4.6,4.0,5.4,82,85,0.020,1.600,0.610,0.600,0.000,below_cutoff,self_consumption,100,12,False
2026-04-10 17:00,shoulder,6.1,4.2,5.4,85,86,0.760,1.430,1.860,0.200,0.000,above_cutoff,self_consumption,60,12,False
2026-04-10 18:00,shoulder,7.9,4.3,5.5,86,87,0.150,0.600,0.570,0.200,0.000,above_cutoff,self_consumption,60,12,False
2026-04-10 19:00,shoulder,5.6,4.4,5.5,87,87,0.580,0.020,0.520,0.000,0.000,above_cutoff,self_consumption,60,12,False
2026-04-10 20:00,shoulder,15.7,4.8,5.8,87,87,1.900,0.000,1.810,0.000,0.000,above_cutoff,self_consumption,36,12,False
2026-04-10 21:00,shoulder,8.5,5.0,5.9,87,87,0.000,0.000,0.000,0.000,0.000,above_cutoff,self_consumption,56,1,False
2026-04-10 22:00,shoulder,3.5,5.0,5.9,87,86,2.100,0.000,2.110,0.000,0.200,below_cutoff,self_consumption,100,12,False
2026-04-10 23:00,shoulder,3.4,5.0,6.7,86,86,2.320,0.000,2.230,0.000,0.000,below_cutoff,self_consumption,100,12,False
2026-04-11 00:00,shoulder,9.9,5.1,7.7,86,86,2.160,0.000,2.250,0.000,0.000,above_cutoff,self_consumption,39,12,False
2026-04-11 01:00,shoulder,4.5,5.1,7.8,85,84,2.020,0.000,2.130,0.000,0.200,below_cutoff,self_consumption,100,12,False
2026-04-11 02:00,shoulder,3.3,5.1,7.8,84,84,2.360,0.000,2.280,0.000,0.000,below_cutoff,self_consumption,100,12,False
2026-04-11 03:00,shoulder,4.0,5.1,7.8,84,84,4.090,0.000,4.000,0.000,0.000,below_cutoff,self_consumption,100,12,False
2026-04-11 04:00,shoulder,3.4,5.1,7.8,84,84,7.520,0.000,7.440,0.000,0.000,below_cutoff,self_consumption,100,12,False
2026-04-11 05:00,shoulder,5.1,5.0,7.7,84,84,7.790,0.000,7.710,0.000,0.000,below_cutoff,self_consumption,100,12,False
2026-04-11 06:00,shoulder,5.1,4.9,6.8,84,84,1.870,0.080,1.880,0.000,0.000,below_cutoff,self_consumption,100,12,False
2026-04-11 07:00,shoulder,1.3,4.8,6.7,84,87,0.100,1.260,0.670,0.600,0.000,below_cutoff,self_consumption,100,12,False
2026-04-11 08:00,shoulder,1.5,4.8,6.8,87,93,0.000,2.130,0.630,1.200,0.000,below_cutoff,self_consumption,100,12,False
2026-04-11 09:00,shoulder,1.5,4.8,7.1,94,95,-29.460,3.080,1.140,0.200,0.000,below_cutoff,self_consumption,85,12,False
2026-04-11 10:00,shoulder,1.4,4.8,7.5,95,100,2.070,4.330,2.160,1.000,0.000,below_cutoff,self_consumption,85,12,False
2026-04-11 11:00,shoulder,1.3,4.5,7.8,100,100,2.390,4.980,2.650,0.000,0.000,below_cutoff,self_consumption,85,12,False
2026-04-11 12:00,shoulder,1.5,4.5,8.0,100,100,2.030,4.210,2.230,0.000,0.000,below_cutoff,self_consumption,85,12,False
2026-04-11 13:00,shoulder,1.5,4.5,7.8,100,100,1.910,3.240,1.380,0.000,0.000,below_cutoff,self_consumption,85,11,False
2026-04-11 14:00,shoulder,1.5,4.4,7.2,100,100,2.620,3.490,0.860,0.000,0.000,below_cutoff,self_consumption,85,12,False
2026-04-11 15:00,shoulder,2.6,4.3,6.7,100,100,1.620,2.270,0.650,0.000,0.000,below_cutoff,self_consumption,100,12,False
2026-04-11 16:00,shoulder,2.3,4.3,6.5,100,98,15.570,1.270,0.680,0.000,0.400,below_cutoff,self_consumption,100,12,False
2026-04-11 17:00,shoulder,13.3,4.3,6.4,98,97,0.900,0.510,1.590,0.000,0.200,above_cutoff,self_consumption,39,12,False
2026-04-11 18:00,shoulder,3.2,3.8,6.1,97,95,1.090,0.160,1.710,0.000,0.400,below_cutoff,self_consumption,100,12,False
2026-04-11 19:00,shoulder,4.2,3.4,5.8,95,94,1.880,0.000,1.910,0.000,0.200,below_cutoff,self_consumption,100,12,False
2026-04-11 20:00,shoulder,2.2,3.3,5.7,94,94,1.440,0.000,1.360,0.000,0.000,below_cutoff,self_consumption,100,12,False
2026-04-11 21:00,shoulder,-0.1,3.2,5.6,94,94,1.470,0.000,1.390,0.000,0.000,below_cutoff,self_consumption,100,12,False
2026-04-11 22:00,shoulder,-0.4,3.1,5.6,94,94,1.510,0.000,1.430,0.000,0.000,below_cutoff,self_consumption,100,12,False
2026-04-11 23:00,shoulder,-1.7,3.1,6.4,94,94,1.470,0.000,1.380,0.000,0.000,below_cutoff,self_consumption,100,12,False
2026-04-12 00:00,shoulder,-1.6,2.9,6.2,94,94,1.500,0.000,1.430,0.000,0.000,below_cutoff,self_consumption,100,12,False
2026-04-12 01:00,shoulder,-1.9,2.7,6.1,94,94,1.530,0.000,1.450,0.000,0.000,below_cutoff,self_consumption,100,12,False
2026-04-12 02:00,shoulder,-2.4,2.1,5.7,94,94,1.510,0.000,1.420,0.000,0.000,below_cutoff,self_consumption,100,12,False
2026-04-12 03:00,shoulder,-2.8,1.6,5.4,94,94,1.480,0.000,1.400,0.000,0.000,below_cutoff,self_consumption,100,12,False
2026-04-12 04:00,shoulder,-0.9,1.5,5.3,94,94,1.320,0.000,1.250,0.000,0.000,below_cutoff,self_consumption,100,11,False
2026-04-12 05:00,shoulder,-0.3,1.5,5.3,94,94,1.630,0.000,1.540,0.000,0.000,below_cutoff,self_consumption,100,12,False
2026-04-12 06:00,shoulder,-1.3,1.4,4.4,94,94,1.230,0.060,1.210,0.000,0.000,below_cutoff,self_consumption,100,12,False
2026-04-12 07:00,shoulder,-1.8,1.4,4.5,94,94,2.940,0.640,3.500,0.000,0.000,below_cutoff,self_consumption,100,12,False
2026-04-12 08:00,shoulder,-0.1,1.4,4.6,94,94,6.640,0.870,7.430,0.000,0.000,below_cutoff,self_consumption,100,12,False
2026-04-12 09:00,shoulder,-0.1,1.4,4.8,94,94,6.040,1.560,7.510,0.000,0.000,below_cutoff,self_consumption,100,12,False
2026-04-12 10:00,shoulder,-0.7,1.4,5.2,94,95,-27.360,2.990,2.240,0.200,0.000,below_cutoff,self_consumption,85,12,False
2026-04-12 11:00,shoulder,0.0,1.3,5.7,95,100,1.930,4.620,2.000,1.000,0.000,below_cutoff,self_consumption,85,12,False
2026-04-12 12:00,shoulder,-0.4,1.3,5.9,98,94,0.490,2.920,3.680,0.000,0.800,below_cutoff,self_consumption,100,12,False
2026-04-12 13:00,shoulder,0.6,1.3,5.7,94,95,-25.850,3.320,2.720,0.200,0.000,below_cutoff,self_consumption,85,12,False
2026-04-12 14:00,shoulder,-0.6,1.1,5.0,95,94,0.540,2.990,3.320,0.000,0.200,below_cutoff,self_consumption,100,12,False
2026-04-12 15:00,shoulder,9.4,1.1,4.6,94,100,-25.200,2.490,0.650,1.200,0.000,above_cutoff,self_consumption,48,12,False
2026-04-12 16:00,shoulder,1.3,0.9,4.2,100,100,26.860,1.400,2.790,0.000,0.000,below_cutoff,self_consumption,100,12,False
2026-04-12 17:00,shoulder,-0.6,0.6,3.9,100,98,28.010,0.780,2.090,0.000,0.400,below_cutoff,self_consumption,100,12,False
2026-04-12 18:00,shoulder,2.4,0.5,3.8,98,97,2.190,0.120,2.660,0.000,0.200,below_cutoff,self_consumption,100,11,False
2026-04-12 19:00,shoulder,3.3,0.5,3.8,97,95,0.600,0.000,0.960,0.000,0.400,below_cutoff,self_consumption,100,12,False
2026-04-12 20:00,shoulder,3.5,0.9,4.1,95,90,1.710,0.000,2.670,0.000,1.000,below_cutoff,self_consumption,100,12,False
2026-04-12 21:00,shoulder,2.3,1.1,4.2,89,85,0.980,0.000,1.670,0.000,0.800,below_cutoff,self_consumption,100,12,False
2026-04-12 22:00,shoulder,1.2,1.1,4.3,85,85,1.550,0.000,1.470,0.000,0.000,below_cutoff,self_consumption,100,12,False
2026-04-12 23:00,shoulder,0.0,1.2,5.1,85,85,1.870,0.000,1.780,0.000,0.000,below_cutoff,self_consumption,100,12,False
2026-04-13 00:00,shoulder,1.3,1.2,4.2,85,85,2.890,0.000,2.800,0.000,0.000,below_cutoff,self_consumption,100,12,False
2026-04-13 01:00,shoulder,1.0,1.3,4.3,85,85,1.400,0.000,1.310,0.000,0.000,below_cutoff,self_consumption,100,12,False
2026-04-13 02:00,shoulder,0.7,1.3,4.3,85,85,1.390,0.000,1.300,0.000,0.000,below_cutoff,self_consumption,100,12,False
2026-04-13 03:00,shoulder,1.1,1.4,4.3,85,85,2.730,0.000,2.640,0.000,0.000,below_cutoff,self_consumption,100,12,False
2026-04-13 04:00,shoulder,1.3,1.4,4.3,85,85,1.380,0.000,1.300,0.000,0.000,below_cutoff,self_consumption,100,12,False
2026-04-13 05:00,shoulder,23.6,1.4,4.4,85,84,0.680,0.000,1.030,0.000,0.200,above_cutoff,self_consumption,16,12,False
2026-04-13 06:00,shoulder,2.8,1.6,3.8,83,82,0.930,0.060,1.150,0.000,0.200,below_cutoff,self_consumption,100,12,False
2026-04-13 07:00,shoulder,3.0,1.8,4.0,82,82,0.890,0.590,1.390,0.000,0.000,below_cutoff,self_consumption,100,12,False
2026-04-13 08:00,shoulder,2.7,2.0,4.2,82,83,0.220,0.900,0.870,0.200,0.000,below_cutoff,self_consumption,100,11,False
2026-04-13 09:00,shoulder,2.4,2.3,4.5,83,85,0.030,1.190,0.570,0.400,0.000,below_cutoff,self_consumption,100,12,False
2026-04-13 10:00,shoulder,2.4,2.4,5.0,85,89,0.000,1.710,0.630,0.800,0.000,below_cutoff,self_consumption,100,12,False
2026-04-13 11:00,shoulder,5.6,2.5,5.6,90,95,-12.680,2.870,0.590,1.000,0.000,above_cutoff,self_consumption,55,12,False
2026-04-13 12:00,shoulder,2.4,2.5,5.8,95,100,1.350,2.340,0.710,1.000,0.000,below_cutoff,self_consumption,100,12,False
2026-04-13 13:00,shoulder,2.2,2.5,5.6,100,100,1.320,1.980,0.650,0.000,0.000,below_cutoff,self_consumption,100,12,False
2026-04-13 14:00,shoulder,2.5,2.6,5.2,100,98,9.580,0.790,0.690,0.000,0.400,below_cutoff,self_consumption,100,12,False
2026-04-13 15:00,shoulder,2.5,2.6,4.7,100,100,10.380,2.590,3.160,0.000,0.000,below_cutoff,self_consumption,100,12,False
2026-04-13 16:00,shoulder,2.7,2.6,4.5,100,100,0.410,2.400,2.580,0.000,0.000,below_cutoff,self_consumption,100,12,False
2026-04-13 17:00,shoulder,3.8,2.6,4.4,100,100,0.650,1.280,1.720,0.000,0.000,below_cutoff,self_consumption,100,12,False
2026-04-13 18:00,shoulder,12.3,2.7,4.4,100,95,0.160,0.330,1.490,0.000,1.000,above_cutoff,self_consumption,40,12,False
2026-04-13 19:00,shoulder,10.8,2.7,4.4,94,86,0.020,0.030,1.740,0.000,1.600,above_cutoff,self_consumption,42,12,False
2026-04-13 20:00,shoulder,3.0,2.6,4.4,85,84,3.670,0.000,3.750,0.000,0.200,below_cutoff,self_consumption,100,11,False
2026-04-13 21:00,shoulder,2.1,2.6,4.4,84,84,5.040,0.000,4.950,0.000,0.000,below_cutoff,self_consumption,100,12,False
2026-04-13 22:00,shoulder,2.3,2.7,4.5,84,84,2.370,0.000,2.270,0.000,0.000,below_cutoff,self_consumption,100,12,False
2026-04-13 23:00,shoulder,2.3,2.7,5.3,84,84,3.270,0.000,3.190,0.000,0.000,below_cutoff,self_consumption,100,12,False
2026-04-14 00:00,shoulder,2.4,2.7,5.3,84,84,4.020,0.000,3.930,0.000,0.000,below_cutoff,self_consumption,100,12,False
2026-04-14 01:00,shoulder,2.3,2.7,5.3,84,84,2.260,0.000,2.180,0.000,0.000,below_cutoff,self_consumption,100,12,False
2026-04-14 02:00,shoulder,2.1,2.7,5.3,84,84,4.670,0.000,4.580,0.000,0.000,below_cutoff,self_consumption,100,12,False
2026-04-14 03:00,shoulder,3.0,2.7,5.3,84,84,2.190,0.000,2.110,0.000,0.000,below_cutoff,self_consumption,100,12,False
2026-04-14 04:00,shoulder,3.0,2.8,5.4,84,84,1.350,0.000,1.260,0.000,0.000,below_cutoff,self_consumption,100,12,False
2026-04-14 05:00,shoulder,3.1,2.7,5.2,84,84,1.460,0.000,1.370,0.000,0.000,below_cutoff,self_consumption,100,12,False
2026-04-14 06:00,shoulder,7.2,2.8,4.7,84,79,0.270,0.000,1.390,0.000,1.000,above_cutoff,self_consumption,50,12,False
2026-04-14 07:00,shoulder,3.3,2.8,4.8,77,75,1.260,0.070,1.690,0.000,0.400,below_cutoff,self_consumption,100,12,False
2026-04-14 08:00,shoulder,3.3,2.8,4.9,75,76,0.520,0.590,0.910,0.200,0.000,below_cutoff,self_consumption,100,12,False
2026-04-14 09:00,shoulder,2.6,2.8,4.9,76,84,0.020,2.560,0.620,1.600,0.000,below_cutoff,self_consumption,100,12,False
2026-04-14 10:00,shoulder,3.5,2.9,5.3,85,94,0.020,3.340,0.610,1.800,0.000,below_cutoff,self_consumption,100,12,False
2026-04-14 11:00,shoulder,2.7,2.9,5.8,95,95,2.810,4.100,0.530,0.000,0.000,below_cutoff,self_consumption,100,12,False
2026-04-14 12:00,shoulder,3.0,2.9,6.0,95,100,3.690,4.630,0.600,1.000,0.000,below_cutoff,self_consumption,100,12,False
2026-04-14 13:00,shoulder,2.2,2.9,5.8,100,100,3.850,4.460,0.570,0.000,0.000,below_cutoff,self_consumption,100,12,False
2026-04-14 14:00,shoulder,1.3,2.9,5.3,100,100,1.770,2.470,0.650,0.000,0.000,below_cutoff,self_consumption,85,11,False
2026-04-14 15:00,shoulder,1.4,2.9,4.9,100,100,6.030,2.560,1.160,0.000,0.000,below_cutoff,self_consumption,100,12,False
2026-04-14 16:00,shoulder,1.5,2.9,4.7,100,98,1.770,2.280,3.940,0.000,0.400,below_cutoff,self_consumption,100,12,False
2026-04-14 17:00,shoulder,13.8,2.9,4.6,98,98,1.100,1.800,2.490,0.000,0.000,above_cutoff,self_consumption,38,12,False
2026-04-14 18:00,shoulder,3.7,2.8,4.5,98,97,1.200,0.330,1.750,0.000,0.200,below_cutoff,self_consumption,100,12,False
2026-04-14 19:00,shoulder,1.5,2.8,4.4,97,94,1.060,0.000,1.600,0.000,0.600,below_cutoff,self_consumption,100,12,False
2026-04-14 20:00,shoulder,3.8,2.8,4.4,94,94,3.750,0.000,3.670,0.000,0.000,below_cutoff,self_consumption,100,12,False
2026-04-14 21:00,shoulder,2.8,2.8,4.4,94,94,2.590,0.000,2.510,0.000,0.000,below_cutoff,self_consumption,100,12,False
2026-04-14 22:00,shoulder,2.0,2.8,4.5,94,94,2.850,0.000,2.760,0.000,0.000,below_cutoff,self_consumption,100,12,False
2026-04-14 23:00,shoulder,-0.3,2.8,5.3,94,94,4.220,0.000,4.130,0.000,0.000,below_cutoff,self_consumption,100,12,False
2026-04-15 00:00,shoulder,1.6,2.8,5.3,94,94,2.910,0.000,2.820,0.000,0.000,below_cutoff,self_consumption,100,12,False
2026-04-15 01:00,shoulder,1.8,2.8,5.3,94,94,2.220,0.000,2.130,0.000,0.000,below_cutoff,self_consumption,100,12,False
2026-04-15 02:00,shoulder,2.2,2.9,5.3,94,94,3.360,0.000,3.290,0.000,0.000,below_cutoff,self_consumption,100,12,False
2026-04-15 03:00,shoulder,2.4,2.9,5.3,94,94,1.410,0.000,1.320,0.000,0.000,below_cutoff,self_consumption,100,12,False
2026-04-15 04:00,shoulder,14.6,2.9,5.3,94,91,0.280,0.000,0.730,0.000,0.600,above_cutoff,self_consumption,27,12,False
2026-04-15 05:00,shoulder,16.6,3.1,5.5,91,88,0.140,0.000,0.740,0.000,0.600,above_cutoff,self_consumption,24,11,False
2026-04-15 06:00,shoulder,8.3,3.1,4.8,88,82,0.030,0.000,1.210,0.000,1.200,above_cutoff,self_consumption,47,12,False
2026-04-15 07:00,shoulder,6.7,3.0,4.9,80,77,0.940,0.210,1.750,0.000,0.600,above_cutoff,self_consumption,50,12,False
2026-04-15 08:00,shoulder,2.9,3.0,5.0,77,77,0.780,0.470,1.180,0.000,0.000,below_cutoff,self_consumption,100,12,False
2026-04-15 09:00,shoulder,4.6,3.1,5.3,77,76,0.530,0.290,0.940,0.000,0.200,below_cutoff,self_consumption,100,12,False
2026-04-15 10:00,shoulder,4.4,3.2,5.8,76,77,0.340,0.920,1.060,0.200,0.000,below_cutoff,self_consumption,100,12,False
2026-04-15 11:00,shoulder,3.9,3.2,6.3,77,78,0.190,1.620,1.580,0.200,0.000,below_cutoff,self_consumption,100,12,False
2026-04-15 12:00,shoulder,7.7,3.4,6.4,78,83,0.020,2.290,0.970,1.000,0.000,above_cutoff,self_consumption,55,11,False
2026-04-15 13:00,shoulder,-3.6,3.4,6.2,84,91,0.010,2.420,0.680,1.400,0.000,below_cutoff,self_consumption,100,12,False
2026-04-15 14:00,shoulder,-5.1,3.3,5.7,91,94,0.010,1.480,0.730,0.600,0.000,below_cutoff,self_consumption,100,11,False
2026-04-15 15:00,shoulder,-3.9,3.3,5.3,95,95,14.140,1.480,0.910,0.000,0.000,below_cutoff,self_consumption,100,8,False
2026-04-15 16:00,shoulder,-3.6,3.4,5.0,95,95,16.770,2.430,5.250,0.000,0.000,below_cutoff,self_consumption,100,10,False
2026-04-15 17:00,shoulder,0.0,3.2,4.8,95,95,5.070,2.170,7.130,0.000,0.000,below_cutoff,self_consumption,100,11,False
2026-04-15 18:00,shoulder,-1.7,3.1,4.7,95,95,4.000,0.330,4.260,0.000,0.000,below_cutoff,self_consumption,100,9,False
2026-04-15 19:00,shoulder,-0.5,3.1,4.7,95,95,0.660,0.000,0.570,0.000,0.000,below_cutoff,self_consumption,100,12,False
2026-04-15 20:00,shoulder,2.0,3.0,4.7,95,95,0.660,0.000,0.590,0.000,0.000,below_cutoff,self_consumption,100,10,False
2026-04-15 21:00,shoulder,6.0,3.0,4.7,95,95,3.890,0.000,3.810,0.000,0.000,above_cutoff,self_consumption,60,6,False
2026-04-15 22:00,shoulder,2.0,3.1,4.7,94,94,2.390,0.000,2.320,0.000,0.000,below_cutoff,self_consumption,100,12,False
2026-04-15 23:00,shoulder,2.3,3.1,5.5,94,94,2.280,0.000,2.200,0.000,0.000,below_cutoff,self_consumption,100,12,False
2026-04-16 00:00,shoulder,2.1,3.0,5.5,94,94,2.210,0.000,2.110,0.000,0.000,below_cutoff,self_consumption,100,12,False
2026-04-16 01:00,shoulder,1.6,3.0,5.5,94,94,2.190,0.000,2.120,0.000,0.000,below_cutoff,self_consumption,100,12,False
2026-04-16 02:00,shoulder,0.8,3.0,5.5,94,94,4.140,0.000,4.050,0.000,0.000,below_cutoff,self_consumption,100,12,False
2026-04-16 03:00,shoulder,1.1,3.0,5.5,94,94,2.280,0.000,2.190,0.000,0.000,below_cutoff,self_consumption,100,12,False
2026-04-16 04:00,shoulder,-0.3,2.9,5.4,94,94,2.220,0.000,2.140,0.000,0.000,below_cutoff,self_consumption,100,12,False
2026-04-16 05:00,shoulder,-1.0,2.7,5.2,94,94,1.950,0.000,1.860,0.000,0.000,below_cutoff,self_consumption,100,12,False
2026-04-16 06:00,shoulder,0.5,2.4,4.2,94,94,2.130,0.010,2.050,0.000,0.000,below_cutoff,self_consumption,100,12,False
2026-04-16 07:00,shoulder,1.6,2.0,4.0,94,94,1.530,0.560,2.010,0.000,0.000,below_cutoff,self_consumption,100,12,False
2026-04-16 08:00,shoulder,2.1,1.9,4.0,94,95,0.480,1.180,1.480,0.200,0.000,below_cutoff,self_consumption,100,12,False
2026-04-16 09:00,shoulder,1.4,1.7,4.1,94,95,-20.440,1.220,1.440,0.200,0.000,below_cutoff,self_consumption,85,12,False
2026-04-16 10:00,shoulder,1.1,1.6,4.5,95,95,0.960,2.850,1.500,0.000,0.000,below_cutoff,self_consumption,85,11,False
2026-04-16 11:00,shoulder,3.2,1.5,4.9,96,100,2.060,3.160,1.060,0.800,0.000,below_cutoff,self_consumption,100,12,False
2026-04-16 12:00,shoulder,1.2,1.5,5.1,100,100,2.640,3.360,0.710,0.000,0.000,below_cutoff,self_consumption,85,12,False
2026-04-16 13:00,shoulder,0.5,1.5,4.9,100,100,2.880,4.960,2.080,0.000,0.000,below_cutoff,self_consumption,85,12,False
2026-04-16 14:00,shoulder,1.2,1.5,4.4,100,100,1.320,4.630,3.280,0.000,0.000,below_cutoff,self_consumption,85,12,False
2026-04-16 15:00,shoulder,1.9,1.5,3.9,100,100,1.810,2.560,1.150,0.000,0.000,below_cutoff,self_consumption,100,11,False
2026-04-16 16:00,shoulder,2.3,1.6,3.7,100,100,1.970,2.650,0.640,0.000,0.000,below_cutoff,self_consumption,100,12,False
2026-04-16 17:00,shoulder,5.1,1.7,3.7,100,98,0.630,1.620,1.990,0.000,0.400,above_cutoff,self_consumption,60,12,False
2026-04-16 18:00,shoulder,6.8,1.8,3.8,98,96,0.030,0.580,0.810,0.000,0.400,above_cutoff,self_consumption,60,12,False
2026-04-16 19:00,shoulder,13.6,1.9,3.9,96,92,0.030,0.010,0.820,0.000,0.800,above_cutoff,self_consumption,38,12,False
2026-04-16 20:00,shoulder,11.2,2.1,4.0,91,84,0.010,0.000,1.460,0.000,1.400,above_cutoff,self_consumption,41,12,False
2026-04-16 21:00,shoulder,4.5,2.2,4.4,84,76,0.020,0.000,1.640,0.000,1.600,above_cutoff,self_consumption,60,12,False
2026-04-16 22:00,shoulder,3.3,2.5,4.6,75,74,1.200,0.000,1.480,0.000,0.200,below_cutoff,self_consumption,100,11,False
2026-04-16 23:00,shoulder,3.0,2.7,5.6,74,72,2.220,0.000,2.620,0.000,0.400,below_cutoff,self_consumption,100,12,False
2026-04-17 00:00,shoulder,3.5,2.7,5.6,72,72,2.950,0.000,2.870,0.000,0.000,below_cutoff,self_consumption,100,12,False
2026-04-17 01:00,shoulder,1.9,2.7,5.6,72,72,2.880,0.000,2.800,0.000,0.000,below_cutoff,self_consumption,100,12,False
2026-04-17 02:00,shoulder,2.1,2.7,5.6,72,72,2.300,0.000,2.210,0.000,0.000,below_cutoff,self_consumption,100,12,False
2026-04-17 03:00,shoulder,3.1,2.8,5.7,72,72,2.280,0.000,2.190,0.000,0.000,below_cutoff,self_consumption,100,12,False
2026-04-17 04:00,shoulder,1.5,2.8,5.7,72,72,8.210,0.000,8.130,0.000,0.000,below_cutoff,self_consumption,100,12,False
2026-04-17 05:00,shoulder,3.4,2.8,5.7,72,72,7.740,0.000,7.660,0.000,0.000,below_cutoff,self_consumption,100,12,False
2026-04-17 06:00,shoulder,5.1,3.4,6.0,72,50,3.150,0.080,5.760,0.000,4.400,below_cutoff,self_consumption,100,12,False
2026-04-17 07:00,shoulder,2.7,3.4,6.0,50,52,0.450,0.980,0.990,0.400,0.000,below_cutoff,self_consumption,100,12,False
2026-04-17 08:00,shoulder,3.2,3.4,5.9,52,57,0.000,2.130,0.660,1.000,0.000,below_cutoff,self_consumption,100,12,False
2026-04-17 09:00,shoulder,3.2,3.5,5.8,58,71,0.020,2.730,0.760,2.600,0.000,below_cutoff,self_consumption,100,12,False
2026-04-17 10:00,shoulder,2.5,3.5,5.8,73,84,0.000,3.210,0.770,2.200,0.000,below_cutoff,self_consumption,100,12,False
2026-04-17 11:00,shoulder,2.2,3.5,6.2,85,95,-31.700,4.170,1.210,2.000,0.000,below_cutoff,self_consumption,100,12,False
2026-04-17 12:00,shoulder,1.0,3.5,6.4,95,100,3.280,4.780,1.330,1.000,0.000,below_cutoff,self_consumption,85,12,False
2026-04-17 13:00,shoulder,2.1,3.5,6.2,100,100,3.230,4.040,0.850,0.000,0.000,below_cutoff,self_consumption,100,12,False
2026-04-17 14:00,shoulder,8.9,3.5,5.7,100,100,2.990,3.750,0.720,0.000,0.000,above_cutoff,self_consumption,52,11,False
2026-04-17 15:00,shoulder,3.4,3.6,5.4,100,100,1.240,2.010,3.310,0.000,0.000,below_cutoff,self_consumption,100,12,False
2026-04-17 16:00,shoulder,3.5,3.7,5.1,100,100,0.300,1.270,1.090,0.000,0.000,below_cutoff,self_consumption,100,12,False
2026-04-17 17:00,shoulder,9.6,3.8,5.1,100,98,0.800,0.360,1.510,0.000,0.400,above_cutoff,self_consumption,47,11,False
2026-04-17 18:00,shoulder,17.2,3.6,5.1,98,95,0.000,0.090,0.680,0.000,0.600,above_cutoff,self_consumption,34,12,False
2026-04-17 19:00,shoulder,4.2,3.6,5.0,94,93,2.470,0.000,2.730,0.000,0.200,below_cutoff,self_consumption,100,12,False
2026-04-17 20:00,shoulder,4.3,3.6,5.3,93,78,0.970,0.000,4.020,0.000,3.000,below_cutoff,self_consumption,100,12,False
2026-04-17 21:00,shoulder,3.0,3.4,5.1,78,78,2.020,0.000,1.930,0.000,0.000,below_cutoff,self_consumption,100,12,False
2026-04-17 22:00,shoulder,2.2,3.4,5.1,78,78,1.440,0.000,1.360,0.000,0.000,below_cutoff,self_consumption,100,12,False
2026-04-17 23:00,shoulder,6.1,3.4,6.3,78,67,0.320,0.000,2.700,0.000,2.200,above_cutoff,self_consumption,60,12,False
2026-04-18 00:00,shoulder,7.3,3.6,7.6,65,58,1.260,0.000,2.660,0.000,1.400,above_cutoff,self_consumption,55,12,False
2026-04-18 01:00,shoulder,12.1,3.6,7.9,57,49,0.620,0.000,2.160,0.000,1.600,above_cutoff,self_consumption,35,12,False
2026-04-18 02:00,shoulder,0.8,3.6,8.1,47,44,2.580,0.000,2.970,0.000,0.600,below_cutoff,self_consumption,100,11,False
2026-04-18 03:00,shoulder,9.6,3.6,8.2,44,43,0.360,0.000,0.610,0.000,0.200,above_cutoff,self_consumption,37,12,False
2026-04-18 04:00,shoulder,-2.6,3.6,8.2,43,42,0.560,0.000,0.550,0.000,0.200,below_cutoff,self_consumption,100,12,False
2026-04-18 05:00,shoulder,1.1,3.6,8.2,42,42,0.600,0.000,0.520,0.000,0.000,below_cutoff,self_consumption,100,12,False
2026-04-18 06:00,shoulder,1.1,3.4,7.3,42,42,0.550,0.030,0.490,0.000,0.000,below_cutoff,self_consumption,100,12,False
2026-04-18 07:00,shoulder,-1.5,3.4,7.3,42,42,0.170,0.440,0.480,0.000,0.000,below_cutoff,self_consumption,100,12,False
2026-04-18 08:00,shoulder,0.4,3.4,7.3,43,43,0.380,1.130,1.300,0.000,0.000,below_cutoff,self_consumption,100,12,False
2026-04-18 09:00,shoulder,0.4,3.0,7.3,43,44,0.490,1.560,1.830,0.200,0.000,below_cutoff,self_consumption,100,12,False
2026-04-18 10:00,shoulder,-2.5,3.0,7.3,45,57,0.040,3.990,1.480,2.400,0.000,below_cutoff,self_consumption,100,12,False
2026-04-18 11:00,shoulder,-3.9,3.0,6.9,58,83,0.040,4.660,0.690,5.000,0.000,below_cutoff,self_consumption,100,12,False
2026-04-18 12:00,shoulder,-4.9,3.0,7.1,86,95,-5.570,5.030,0.630,1.800,0.000,below_cutoff,self_consumption,85,12,False
2026-04-18 13:00,shoulder,-4.5,3.0,6.9,95,94,7.110,5.160,6.100,0.000,0.200,below_cutoff,self_consumption,100,12,False
2026-04-18 14:00,shoulder,-3.9,3.0,6.4,94,95,-5.110,4.020,3.030,0.200,0.000,below_cutoff,self_consumption,85,12,False
2026-04-18 15:00,shoulder,-3.9,2.8,5.8,95,95,2.630,4.330,0.950,0.000,0.000,below_cutoff,self_consumption,100,12,False
2026-04-18 16:00,shoulder,-2.9,2.7,5.5,95,96,1.590,3.270,1.050,0.200,0.000,below_cutoff,self_consumption,100,11,False
2026-04-18 17:00,shoulder,-3.6,2.3,5.1,96,100,1.270,2.670,1.340,0.800,0.000,below_cutoff,self_consumption,100,12,False
2026-04-18 18:00,shoulder,-0.8,1.7,4.7,100,100,0.820,0.850,1.660,0.000,0.000,below_cutoff,self_consumption,100,12,False
2026-04-18 19:00,shoulder,2.6,1.6,4.6,100,100,0.830,0.030,0.860,0.000,0.000,below_cutoff,self_consumption,100,12,False
2026-04-18 20:00,shoulder,3.9,1.6,4.6,100,98,0.640,0.000,0.840,0.000,0.400,below_cutoff,self_consumption,100,12,False
2026-04-18 21:00,shoulder,4.8,1.6,4.6,98,95,0.340,0.000,0.900,0.000,0.600,above_cutoff,self_consumption,60,12,False
2026-04-18 22:00,shoulder,4.3,1.6,4.6,95,91,0.030,0.000,0.790,0.000,0.800,above_cutoff,self_consumption,60,12,False
2026-04-18 23:00,shoulder,3.2,1.6,5.4,90,90,0.650,0.000,0.590,0.000,0.000,below_cutoff,self_consumption,100,12,False
2026-04-19 00:00,shoulder,3.8,1.7,5.5,90,90,0.610,0.000,0.530,0.000,0.000,below_cutoff,self_consumption,100,12,False
2026-04-19 01:00,shoulder,1.6,1.5,5.3,90,88,0.220,0.000,0.610,0.000,0.400,below_cutoff,self_consumption,100,12,False
2026-04-19 02:00,shoulder,1.5,1.6,5.4,88,84,0.020,0.000,0.800,0.000,0.800,below_cutoff,self_consumption,100,12,False
2026-04-19 03:00,shoulder,1.0,1.5,5.5,84,80,0.010,0.000,0.800,0.000,0.800,below_cutoff,self_consumption,100,12,False
2026-04-19 04:00,shoulder,1.2,1.5,5.6,80,76,0.000,0.000,0.770,0.000,0.800,below_cutoff,self_consumption,100,12,False
2026-04-19 05:00,shoulder,1.1,1.5,5.7,76,72,0.010,0.000,0.960,0.000,0.800,below_cutoff,self_consumption,100,12,False
2026-04-19 06:00,shoulder,0.2,1.5,5.1,71,68,0.010,0.240,0.810,0.000,0.600,below_cutoff,self_consumption,100,12,False
2026-04-19 07:00,shoulder,2.5,1.6,5.1,68,71,0.020,1.420,0.710,0.600,0.000,below_cutoff,self_consumption,100,12,False
2026-04-19 08:00,shoulder,5.1,2.3,5.4,72,77,0.000,1.930,0.590,1.000,0.000,above_cutoff,self_consumption,50,11,False
2026-04-19 09:00,shoulder,2.2,2.4,5.5,78,87,0.020,2.740,0.560,1.800,0.000,below_cutoff,self_consumption,100,12,False
2026-04-19 10:00,shoulder,1.4,2.5,6.0,88,95,0.010,3.230,0.780,1.400,0.000,below_cutoff,self_consumption,85,12,False
2026-04-19 11:00,shoulder,0.7,2.5,6.4,95,95,0.370,2.700,2.230,0.000,0.000,below_cutoff,self_consumption,85,12,False
2026-04-19 12:00,shoulder,-0.5,2.5,6.6,95,96,-0.370,2.830,2.650,0.200,0.000,below_cutoff,self_consumption,85,12,False
2026-04-19 13:00,shoulder,-0.3,2.5,6.4,96,96,2.470,4.080,2.420,0.000,0.000,below_cutoff,self_consumption,85,12,False
2026-04-19 14:00,shoulder,-0.0,2.5,5.9,96,96,1.080,2.880,1.530,0.000,0.000,below_cutoff,self_consumption,85,12,False
2026-04-19 15:00,shoulder,-1.1,2.5,5.5,100,100,0.180,3.330,1.790,0.000,0.000,below_cutoff,self_consumption,100,12,False
2026-04-19 16:00,shoulder,0.0,2.5,5.2,100,100,5.680,2.950,3.300,0.000,0.000,below_cutoff,self_consumption,100,12,False
2026-04-19 17:00,shoulder,1.3,2.5,5.1,100,100,-4.430,1.180,1.670,0.000,0.000,below_cutoff,self_consumption,100,12,False
2026-04-19 18:00,shoulder,2.9,2.5,5.2,100,100,1.560,0.490,1.970,0.000,0.000,below_cutoff,self_consumption,100,12,False
2026-04-19 19:00,shoulder,15.2,2.7,5.3,100,96,0.320,0.050,1.050,0.000,0.800,above_cutoff,self_consumption,36,12,False
2026-04-19 20:00,shoulder,3.8,2.5,5.2,96,93,0.940,0.000,1.460,0.000,0.600,below_cutoff,self_consumption,100,12,False
2026-04-19 21:00,shoulder,3.2,2.3,5.1,93,92,0.990,0.000,1.160,0.000,0.200,below_cutoff,self_consumption,100,11,False
2026-04-19 22:00,shoulder,2.3,2.3,5.1,92,92,1.580,0.000,1.500,0.000,0.000,below_cutoff,self_consumption,100,12,False
2026-04-19 23:00,shoulder,2.1,2.2,5.8,92,92,1.550,0.000,1.460,0.000,0.000,below_cutoff,self_consumption,100,12,False
2026-04-20 00:00,shoulder,2.1,1.7,4.6,92,92,1.660,0.000,1.590,0.000,0.000,below_cutoff,self_consumption,100,12,False
2026-04-20 01:00,shoulder,3.4,2.2,4.9,92,92,1.560,0.000,1.480,0.000,0.000,below_cutoff,self_consumption,100,12,False
2026-04-20 02:00,shoulder,3.6,2.3,5.0,92,92,1.700,0.000,1.620,0.000,0.000,below_cutoff,self_consumption,100,12,False
2026-04-20 03:00,shoulder,6.0,2.5,5.1,92,89,0.830,0.000,1.490,0.000,0.600,above_cutoff,self_consumption,50,12,False
2026-04-20 04:00,shoulder,4.9,2.6,5.2,88,85,0.710,0.000,1.490,0.000,0.600,above_cutoff,self_consumption,50,12,False
2026-04-20 05:00,shoulder,23.2,2.7,5.3,84,82,0.910,0.000,1.290,0.000,0.400,above_cutoff,self_consumption,17,12,False
2026-04-20 06:00,shoulder,3.0,2.8,4.7,82,80,0.970,0.260,1.610,0.000,0.400,below_cutoff,self_consumption,100,12,False
2026-04-20 07:00,shoulder,2.4,2.8,4.6,80,82,1.450,1.410,2.260,0.400,0.000,below_cutoff,self_consumption,100,12,False
2026-04-20 08:00,shoulder,3.4,2.7,4.6,82,88,0.020,2.260,0.690,1.200,0.000,below_cutoff,self_consumption,100,12,False
2026-04-20 09:00,shoulder,1.7,2.7,4.8,89,95,-9.040,3.560,0.550,1.200,0.000,below_cutoff,self_consumption,85,12,False
2026-04-20 10:00,shoulder,2.8,2.7,5.2,95,100,3.010,4.290,0.640,1.000,0.000,below_cutoff,self_consumption,100,11,False
2026-04-20 11:00,shoulder,1.9,2.8,5.8,100,100,3.990,4.670,0.690,0.000,0.000,below_cutoff,self_consumption,85,12,False
2026-04-20 12:00,shoulder,-2.8,2.8,6.1,100,100,4.350,5.540,1.180,0.000,0.000,below_cutoff,self_consumption,85,12,False
2026-04-20 13:00,shoulder,1.5,2.8,5.8,100,100,4.920,5.650,0.750,0.000,0.000,below_cutoff,self_consumption,85,12,False
2026-04-20 14:00,shoulder,1.4,2.8,5.4,100,100,4.690,5.250,0.560,0.000,0.000,below_cutoff,self_consumption,85,12,False
2026-04-20 15:00,shoulder,-1.9,2.8,4.9,100,100,4.060,4.720,0.660,0.000,0.000,below_cutoff,self_consumption,100,12,False
2026-04-20 16:00,shoulder,-3.5,2.8,4.7,100,100,-18.010,3.640,3.780,0.000,0.000,below_cutoff,self_consumption,100,12,False
2026-04-20 17:00,shoulder,1.1,2.9,4.6,100,100,3.450,2.130,5.490,0.000,0.000,below_cutoff,self_consumption,100,12,False
2026-04-20 18:00,shoulder,-1.5,2.8,4.6,100,100,7.990,0.700,8.610,0.000,0.000,below_cutoff,self_consumption,100,12,False
2026-04-20 19:00,shoulder,1.1,2.7,4.5,100,100,3.220,0.100,3.240,0.000,0.000,below_cutoff,self_consumption,100,12,False
2026-04-20 20:00,shoulder,2.3,2.7,4.5,100,100,1.000,0.000,1.090,0.000,0.000,below_cutoff,self_consumption,100,12,False
2026-04-20 21:00,shoulder,1.0,2.6,4.4,100,98,0.660,0.000,0.680,0.000,0.400,below_cutoff,self_consumption,100,12,False
2026-04-20 22:00,shoulder,0.2,2.6,4.4,98,98,0.620,0.000,0.540,0.000,0.000,below_cutoff,self_consumption,100,12,False
2026-04-20 23:00,shoulder,-0.5,2.6,5.2,98,98,0.640,0.000,0.560,0.000,0.000,below_cutoff,self_consumption,100,12,False
2026-04-21 00:00,shoulder,-1.0,2.6,5.2,98,98,0.610,0.000,0.530,0.000,0.000,below_cutoff,self_consumption,100,12,False
2026-04-21 01:00,shoulder,-2.7,2.4,5.1,98,98,0.610,0.000,0.520,0.000,0.000,below_cutoff,self_consumption,100,12,False
2026-04-21 02:00,shoulder,-4.3,2.2,5.0,98,98,0.610,0.000,0.520,0.000,0.000,below_cutoff,self_consumption,100,12,False
2026-04-21 03:00,shoulder,-4.3,1.9,4.8,98,98,0.630,0.000,0.540,0.000,0.000,below_cutoff,self_consumption,100,12,False
2026-04-21 04:00,shoulder,-3.3,1.7,4.6,98,98,0.660,0.000,0.580,0.000,0.000,below_cutoff,self_consumption,100,11,False
2026-04-21 05:00,shoulder,-3.9,1.6,4.5,98,98,0.850,0.000,0.760,0.000,0.000,below_cutoff,self_consumption,100,12,False
2026-04-21 06:00,shoulder,0.5,1.6,3.7,98,98,1.430,0.170,1.650,0.000,0.000,below_cutoff,self_consumption,100,12,False
2026-04-21 07:00,shoulder,1.2,1.5,3.7,98,98,-6.110,0.760,2.670,0.000,0.000,below_cutoff,self_consumption,100,12,False
2026-04-21 08:00,shoulder,1.2,1.5,3.8,98,100,1.070,2.190,0.620,0.400,0.000,below_cutoff,self_consumption,85,12,False
2026-04-21 09:00,shoulder,1.8,1.5,4.0,100,100,2.710,3.370,0.660,0.000,0.000,below_cutoff,self_consumption,85,12,False
2026-04-21 10:00,shoulder,1.5,1.5,4.4,100,100,3.570,4.280,0.730,0.000,0.000,below_cutoff,self_consumption,85,12,False
2026-04-21 11:00,shoulder,1.8,1.5,4.9,100,100,3.960,5.010,1.040,0.000,0.000,below_cutoff,self_consumption,85,12,False
2026-04-21 12:00,shoulder,2.9,1.5,5.1,100,100,4.460,5.330,0.870,0.000,0.000,below_cutoff,self_consumption,100,12,False
2026-04-21 13:00,shoulder,2.2,1.5,4.9,100,100,-9.060,1.810,0.620,0.000,0.000,below_cutoff,self_consumption,100,12,False
2026-04-21 14:00,shoulder,1.7,1.5,4.4,100,96,0.750,1.060,2.400,0.000,0.800,below_cutoff,self_consumption,85,12,False
2026-04-21 15:00,shoulder,1.9,1.6,4.1,95,95,2.150,2.350,4.390,0.000,0.000,below_cutoff,self_consumption,100,12,False
2026-04-21 16:00,shoulder,1.9,1.6,3.8,95,95,8.210,2.860,1.930,0.000,0.000,below_cutoff,self_consumption,100,12,False
2026-04-21 17:00,shoulder,6.3,1.7,3.8,95,94,-7.690,2.160,1.850,0.000,0.200,above_cutoff,self_consumption,60,12,False
2026-04-21 18:00,shoulder,7.2,1.8,3.9,93,81,0.040,0.570,3.190,0.000,2.400,above_cutoff,self_consumption,60,12,False
2026-04-21 19:00,shoulder,9.5,1.9,4.1,80,78,0.030,0.060,0.540,0.000,0.400,above_cutoff,self_consumption,47,11,False
2026-04-21 20:00,shoulder,6.0,2.0,4.4,78,74,0.000,0.000,0.780,0.000,0.800,above_cutoff,self_consumption,60,12,False
2026-04-21 21:00,shoulder,4.4,2.3,4.8,73,67,0.060,0.000,1.290,0.000,1.200,above_cutoff,self_consumption,60,12,False
2026-04-21 22:00,shoulder,1.4,2.3,4.8,66,66,2.430,0.000,2.460,0.000,0.000,below_cutoff,self_consumption,100,12,False
2026-04-21 23:00,shoulder,2.6,2.4,5.9,66,60,1.630,0.000,2.430,0.000,1.200,below_cutoff,self_consumption,100,12,False
2026-04-22 00:00,shoulder,1.1,2.5,5.9,60,60,1.480,0.000,1.400,0.000,0.000,below_cutoff,self_consumption,100,12,False
2026-04-22 01:00,shoulder,2.1,2.5,5.9,60,60,1.410,0.000,1.330,0.000,0.000,below_cutoff,self_consumption,100,12,False
2026-04-22 02:00,shoulder,0.3,2.6,6.0,60,60,1.390,0.000,1.310,0.000,0.000,below_cutoff,self_consumption,100,12,False
2026-04-22 03:00,shoulder,3.7,2.6,6.0,60,60,0.830,0.000,0.870,0.000,0.000,below_cutoff,self_consumption,100,12,False
2026-04-22 04:00,shoulder,3.3,2.7,6.0,60,60,1.360,0.000,1.280,0.000,0.000,below_cutoff,self_consumption,100,12,False
2026-04-22 05:00,shoulder,14.6,2.8,6.2,60,58,0.530,0.000,0.910,0.000,0.400,above_cutoff,self_consumption,27,12,False
2026-04-22 06:00,shoulder,3.1,3.0,5.6,58,57,0.260,0.230,0.560,0.000,0.200,below_cutoff,self_consumption,100,12,False
2026-04-22 07:00,shoulder,1.9,3.0,5.6,57,57,0.380,1.100,1.350,0.000,0.000,below_cutoff,self_consumption,100,12,False
2026-04-22 08:00,shoulder,1.8,3.0,5.6,57,61,0.020,1.600,0.750,0.800,0.000,below_cutoff,self_consumption,100,12,False
2026-04-22 09:00,shoulder,9.0,3.5,5.7,61,72,0.010,2.190,0.570,2.200,0.000,above_cutoff,self_consumption,41,12,False
2026-04-22 10:00,shoulder,3.6,3.6,5.8,74,90,-8.090,3.940,0.600,3.200,0.000,below_cutoff,self_consumption,100,11,False
2026-04-22 11:00,shoulder,2.7,3.6,6.3,91,95,2.870,4.780,0.550,0.800,0.000,below_cutoff,self_consumption,100,12,False
2026-04-22 12:00,shoulder,3.1,3.6,6.5,95,95,3.100,5.070,1.200,0.000,0.000,below_cutoff,self_consumption,100,12,False
2026-04-22 13:00,shoulder,4.8,3.7,6.3,96,100,3.590,5.160,1.390,0.800,0.000,below_cutoff,self_consumption,100,12,False
2026-04-22 14:00,shoulder,14.2,3.9,6.0,100,100,4.140,5.010,0.850,0.000,0.000,above_cutoff,self_consumption,38,12,False
2026-04-22 15:00,shoulder,4.1,4.0,5.7,100,100,0.170,0.700,0.860,0.000,0.000,below_cutoff,self_consumption,100,3,False
2026-04-22 16:00,shoulder,12.7,4.2,5.6,100,100,7.850,3.080,1.820,0.000,0.000,above_cutoff,self_consumption,39,11,False
2026-04-22 17:00,shoulder,27.3,4.2,5.5,100,100,0.610,2.350,1.890,0.000,0.000,above_cutoff,self_consumption,23,12,False
2026-04-22 18:00,shoulder,19.3,4.2,5.5,100,100,0.310,0.810,0.970,0.000,0.000,above_cutoff,self_consumption,31,12,False
2026-04-22 19:00,shoulder,17.5,4.2,5.5,100,96,0.330,0.040,1.010,0.000,0.800,above_cutoff,self_consumption,33,12,False
2026-04-22 20:00,shoulder,6.7,4.2,5.5,96,91,0.030,0.000,1.100,0.000,1.000,above_cutoff,self_consumption,60,12,False
2026-04-22 21:00,shoulder,4.0,4.2,5.6,90,82,0.030,0.000,1.830,0.000,1.600,below_cutoff,self_consumption,100,12,False
2026-04-22 22:00,shoulder,3.1,4.3,5.9,81,74,0.020,0.000,1.540,0.000,1.400,below_cutoff,self_consumption,100,12,False
2026-04-22 23:00,shoulder,21.7,4.3,7.0,73,66,0.010,0.000,1.550,0.000,1.400,above_cutoff,self_consumption,28,12,False
2026-04-23 00:00,shoulder,14.0,4.6,7.3,66,63,0.020,0.000,0.640,0.000,0.600,above_cutoff,self_consumption,33,12,False
2026-04-23 01:00,shoulder,2.6,4.6,7.6,62,55,0.000,0.000,1.540,0.000,1.400,below_cutoff,self_consumption,100,12,False
2026-04-23 02:00,shoulder,3.3,4.6,7.8,55,47,0.000,0.000,1.620,0.000,1.600,below_cutoff,self_consumption,100,12,False
2026-04-23 03:00,shoulder,3.5,4.6,7.9,44,44,0.590,0.000,0.540,0.000,0.000,below_cutoff,self_consumption,100,13,False
2026-04-23 04:00,shoulder,2.3,4.5,7.9,44,44,1.440,0.000,1.340,0.000,0.000,below_cutoff,self_consumption,100,30,False
2026-04-23 05:00,shoulder,10.6,4.4,7.8,44,43,0.790,0.000,1.140,0.000,0.200,above_cutoff,self_consumption,32,29,False
2026-04-23 06:00,shoulder,4.6,4.6,7.2,42,42,0.380,0.290,0.680,0.000,0.000,below_cutoff,self_consumption,100,30,False
2026-04-23 07:00,shoulder,2.9,4.6,7.2,42,42,0.240,1.320,1.430,0.000,0.000,below_cutoff,self_consumption,100,29,False
2026-04-23 08:00,shoulder,3.7,4.6,7.3,42,44,0.090,2.330,2.090,0.400,0.000,below_cutoff,self_consumption,100,30,False
2026-04-23 09:00,shoulder,3.8,4.6,7.4,44,47,0.010,3.340,2.520,0.600,0.000,below_cutoff,self_consumption,100,29,False
2026-04-23 10:00,shoulder,0.8,4.6,7.5,48,56,0.010,4.420,2.630,1.600,0.000,below_cutoff,self_consumption,100,30,False
2026-04-23 11:00,shoulder,2.8,4.6,7.4,56,74,0.090,4.840,2.200,3.600,0.000,below_cutoff,self_consumption,100,30,False
2026-04-23 12:00,shoulder,10.0,4.6,7.5,74,77,0.060,4.230,3.520,0.600,0.000,above_cutoff,self_consumption,38,29,False
2026-04-23 13:00,shoulder,0.8,4.6,7.3,77,79,0.790,4.420,4.670,0.400,0.000,below_cutoff,self_consumption,100,29,False
2026-04-23 14:00,shoulder,1.1,4.3,6.4,79,83,4.890,4.160,3.630,0.800,0.000,below_cutoff,self_consumption,100,30,False
2026-04-23 15:00,shoulder,1.5,4.3,5.9,83,95,-4.120,3.780,0.530,2.400,0.000,below_cutoff,self_consumption,100,30,False
2026-04-23 16:00,shoulder,1.9,4.2,5.6,95,94,4.370,3.250,3.440,0.000,0.200,below_cutoff,self_consumption,100,29,False
2026-04-23 17:00,shoulder,3.2,4.0,5.3,94,95,-4.100,2.220,2.410,0.200,0.000,below_cutoff,self_consumption,100,30,False
2026-04-23 18:00,shoulder,18.7,3.9,5.3,95,93,0.000,0.730,0.800,0.000,0.400,above_cutoff,self_consumption,32,29,False
2026-04-23 19:00,shoulder,19.3,3.6,5.1,93,89,0.000,0.020,0.890,0.000,0.800,above_cutoff,self_consumption,31,30,False
2026-04-23 20:00,shoulder,9.7,3.8,5.5,88,77,0.020,0.000,2.410,0.000,2.200,above_cutoff,self_consumption,45,29,False
2026-04-23 21:00,shoulder,7.9,3.9,6.1,76,60,1.010,0.000,3.780,0.000,3.200,above_cutoff,self_consumption,60,29,False
2026-04-23 22:00,shoulder,4.0,4.0,6.1,60,60,2.250,0.000,2.160,0.000,0.000,below_cutoff,self_consumption,100,30,False
2026-04-23 23:00,shoulder,3.2,4.0,6.9,60,60,2.920,0.000,2.840,0.000,0.000,below_cutoff,self_consumption,100,30,False
2026-04-24 00:00,shoulder,3.4,3.8,6.8,60,60,4.180,0.000,4.090,0.000,0.000,below_cutoff,self_consumption,100,29,False
2026-04-24 01:00,shoulder,0.8,3.8,6.8,60,60,2.150,0.000,2.050,0.000,0.000,below_cutoff,self_consumption,100,30,False
2026-04-24 02:00,shoulder,2.1,3.8,6.8,60,60,4.080,0.000,3.990,0.000,0.000,below_cutoff,self_consumption,100,28,False
2026-04-24 03:00,shoulder,1.1,3.6,6.7,60,60,1.460,0.000,1.370,0.000,0.000,below_cutoff,self_consumption,100,30,False
2026-04-24 04:00,shoulder,11.3,3.8,6.9,60,57,0.540,0.000,1.030,0.000,0.600,above_cutoff,self_consumption,31,29,False
2026-04-24 05:00,shoulder,10.3,4.0,7.2,57,54,0.300,0.000,0.840,0.000,0.600,above_cutoff,self_consumption,33,29,False
2026-04-24 06:00,shoulder,14.1,4.2,6.6,54,50,0.020,0.210,0.870,0.000,0.800,above_cutoff,self_consumption,28,30,False
2026-04-24 07:00,shoulder,3.6,4.2,6.7,50,50,1.390,0.670,2.090,0.000,0.000,below_cutoff,self_consumption,100,29,False
2026-04-24 08:00,shoulder,2.6,4.1,6.6,50,53,0.030,1.850,1.020,0.600,0.000,below_cutoff,self_consumption,100,30,False
2026-04-24 09:00,shoulder,4.4,4.1,6.6,53,59,0.020,2.000,0.590,1.200,0.000,below_cutoff,self_consumption,100,29,False
2026-04-24 10:00,shoulder,6.5,4.3,6.8,60,71,0.010,3.290,0.780,2.200,0.000,below_cutoff,self_consumption,100,30,False
2026-04-24 11:00,shoulder,4.4,4.5,7.0,71,87,0.000,3.980,0.770,3.200,0.000,below_cutoff,self_consumption,100,29,False
2026-04-24 12:00,shoulder,5.1,4.9,7.4,88,95,-14.140,2.810,0.730,1.400,0.000,below_cutoff,self_consumption,100,30,False
2026-04-24 13:00,shoulder,6.4,5.0,7.3,95,95,14.110,1.810,0.780,0.000,0.000,below_cutoff,self_consumption,100,29,False
2026-04-24 14:00,shoulder,17.8,5.1,6.9,95,100,-13.440,1.630,0.940,1.000,0.000,above_cutoff,self_consumption,33,30,False
2026-04-24 15:00,shoulder,1.0,5.1,6.5,100,100,1.960,2.890,0.890,0.000,0.000,below_cutoff,self_consumption,100,29,False
2026-04-24 16:00,shoulder,2.9,5.1,6.2,100,100,1.290,2.930,4.150,0.000,0.000,below_cutoff,self_consumption,100,30,False
2026-04-24 17:00,shoulder,2.9,5.1,6.1,98,98,2.110,1.460,3.490,0.000,0.000,below_cutoff,self_consumption,100,29,False
2026-04-24 18:00,shoulder,4.3,5.1,6.1,98,98,2.750,0.860,3.530,0.000,0.000,below_cutoff,self_consumption,100,28,False
2026-04-24 19:00,shoulder,8.3,5.1,6.1,98,94,0.050,0.120,1.050,0.000,0.800,above_cutoff,self_consumption,58,26,False
2026-04-24 20:00,shoulder,6.5,5.1,6.1,94,84,0.010,0.000,1.960,0.000,2.000,above_cutoff,self_consumption,60,28,False
2026-04-24 21:00,shoulder,14.8,5.2,6.6,84,71,0.560,0.000,3.250,0.000,2.600,above_cutoff,self_consumption,37,27,False
2026-04-24 22:00,shoulder,5.0,5.4,6.8,71,68,0.980,0.000,1.510,0.000,0.600,below_cutoff,self_consumption,100,28,False
2026-04-24 23:00,shoulder,3.4,5.3,7.6,68,68,2.810,0.000,2.730,0.000,0.000,below_cutoff,self_consumption,100,27,False
2026-04-25 00:00,shoulder,5.8,5.4,8.5,68,68,2.451,0.000,2.365,0.000,0.000,below_cutoff,self_consumption,100,28,True
2026-04-25 01:00,shoulder,11.1,5.4,8.8,68,60,0.250,0.000,1.770,0.000,1.600,above_cutoff,self_consumption,37,28,False
2026-04-25 02:00,shoulder,2.7,5.4,8.9,59,57,1.360,0.000,1.650,0.000,0.400,below_cutoff,self_consumption,100,28,False
2026-04-25 03:00,shoulder,11.1,5.5,9.0,57,55,0.560,0.000,0.980,0.000,0.400,above_cutoff,self_consumption,32,27,False
2026-04-25 04:00,shoulder,2.1,5.4,9.0,55,53,1.230,0.000,1.410,0.000,0.400,below_cutoff,self_consumption,100,28,False
2026-04-25 05:00,shoulder,1.9,5.1,8.8,53,53,1.430,0.000,1.350,0.000,0.000,below_cutoff,self_consumption,100,28,False
2026-04-25 06:00,shoulder,4.4,5.0,8.0,53,53,1.110,0.050,1.210,0.000,0.000,below_cutoff,self_consumption,100,27,False
2026-04-25 07:00,shoulder,1.9,5.0,8.0,53,53,1.310,0.430,1.640,0.000,0.000,below_cutoff,self_consumption,100,28,False
2026-04-25 08:00,shoulder,2.8,5.0,8.1,53,53,0.640,1.260,1.740,0.000,0.000,below_cutoff,self_consumption,100,28,False
2026-04-25 09:00,shoulder,3.4,5.0,7.9,53,65,0.010,3.490,0.740,2.400,0.000,below_cutoff,self_consumption,100,28,False
2026-04-25 10:00,shoulder,1.1,5.0,7.7,65,88,0.020,4.790,0.680,4.600,0.000,below_cutoff,self_consumption,100,28,False
2026-04-25 11:00,shoulder,3.1,5.0,8.2,89,95,-7.370,5.410,0.600,1.200,0.000,below_cutoff,self_consumption,100,27,False
2026-04-25 12:00,shoulder,1.8,4.9,8.3,95,95,2.620,5.850,2.420,0.000,0.000,below_cutoff,self_consumption,85,28,False
2026-04-25 13:00,shoulder,1.9,4.5,7.8,95,100,2.990,5.840,2.610,1.000,0.000,below_cutoff,self_consumption,85,28,False
2026-04-25 14:00,shoulder,2.7,3.9,6.9,100,100,2.120,5.260,3.150,0.000,0.000,below_cutoff,self_consumption,100,27,False
2026-04-25 15:00,shoulder,4.1,4.2,6.7,100,100,2.300,4.640,2.410,0.000,0.000,below_cutoff,self_consumption,100,28,False
2026-04-25 16:00,shoulder,4.0,4.2,6.4,100,100,1.170,3.580,2.460,0.000,0.000,below_cutoff,self_consumption,100,28,False
2026-04-25 17:00,shoulder,2.9,4.1,6.3,100,100,-4.410,2.030,1.680,0.000,0.000,below_cutoff,self_consumption,100,28,False
2026-04-25 18:00,shoulder,1.4,3.8,6.1,100,100,0.890,0.770,1.570,0.000,0.000,below_cutoff,self_consumption,100,28,False
2026-04-25 19:00,shoulder,2.2,3.3,5.7,100,100,2.300,0.080,2.290,0.000,0.000,below_cutoff,self_consumption,100,27,False
2026-04-25 20:00,shoulder,2.9,3.2,5.7,100,100,2.480,0.000,2.390,0.000,0.000,below_cutoff,self_consumption,100,28,False
2026-04-25 21:00,shoulder,2.5,3.0,5.5,100,100,1.850,0.000,1.760,0.000,0.000,below_cutoff,self_consumption,100,27,False
2026-04-25 22:00,shoulder,3.2,2.9,5.4,100,100,1.660,0.000,1.570,0.000,0.000,below_cutoff,self_consumption,100,28,False
2026-04-25 23:00,shoulder,1.0,2.8,6.2,100,100,1.570,0.000,1.490,0.000,0.000,below_cutoff,self_consumption,100,27,False
2026-04-26 00:00,shoulder,2.1,2.8,6.1,100,100,1.640,0.000,1.550,0.000,0.000,below_cutoff,self_consumption,100,28,False
2026-04-26 01:00,shoulder,1.8,2.8,6.1,100,100,1.620,0.000,1.530,0.000,0.000,below_cutoff,self_consumption,100,28,False
2026-04-26 02:00,shoulder,3.4,2.8,6.1,100,100,1.470,0.000,1.390,0.000,0.000,below_cutoff,self_consumption,100,27,False
2026-04-26 03:00,shoulder,1.8,2.8,6.1,100,100,1.610,0.000,1.520,0.000,0.000,below_cutoff,self_consumption,100,28,False
2026-04-26 04:00,shoulder,1.6,2.8,6.1,100,100,1.460,0.000,1.380,0.000,0.000,below_cutoff,self_consumption,100,28,False
2026-04-26 05:00,shoulder,1.1,2.8,6.1,100,100,1.510,0.000,1.420,0.000,0.000,below_cutoff,self_consumption,100,27,False
2026-04-26 06:00,shoulder,1.4,2.7,5.2,100,100,1.420,0.090,1.420,0.000,0.000,below_cutoff,self_consumption,100,28,False
2026-04-26 07:00,shoulder,12.8,2.8,5.4,100,96,0.200,0.350,1.200,0.000,0.800,above_cutoff,self_consumption,29,28,False
2026-04-26 08:00,shoulder,4.1,2.8,5.5,96,96,0.550,0.680,1.180,0.000,0.000,below_cutoff,self_consumption,100,27,False
2026-04-26 09:00,shoulder,3.9,2.9,5.8,96,96,0.540,1.010,1.460,0.000,0.000,below_cutoff,self_consumption,100,28,False
2026-04-26 10:00,shoulder,3.0,2.9,6.2,96,96,0.090,1.300,1.040,0.000,0.000,below_cutoff,self_consumption,100,28,False
2026-04-26 11:00,shoulder,2.4,2.9,6.7,96,97,-12.320,1.790,1.080,0.200,0.000,below_cutoff,self_consumption,100,28,False
2026-04-26 12:00,shoulder,2.4,2.9,6.9,97,100,0.670,2.600,1.770,0.600,0.000,below_cutoff,self_consumption,100,27,False
2026-04-26 13:00,shoulder,1.9,2.9,6.7,100,100,2.130,4.120,2.020,0.000,0.000,below_cutoff,self_consumption,85,28,False
2026-04-26 14:00,shoulder,-0.3,2.9,6.2,100,100,2.770,5.140,2.400,0.000,0.000,below_cutoff,self_consumption,85,28,False
2026-04-26 15:00,shoulder,1.5,2.8,5.4,100,100,3.380,4.680,1.360,0.000,0.000,below_cutoff,self_consumption,100,28,False
2026-04-26 16:00,shoulder,0.4,2.7,5.4,100,100,2.510,3.500,1.020,0.000,0.000,below_cutoff,self_consumption,100,26,False
2026-04-26 17:00,shoulder,3.0,2.7,5.3,100,100,1.250,2.590,1.330,0.000,0.000,below_cutoff,self_consumption,100,28,False
2026-04-26 18:00,shoulder,7.7,2.7,5.3,100,100,-0.710,0.630,0.720,0.000,0.000,above_cutoff,self_consumption,60,28,False
2026-04-26 19:00,shoulder,6.7,2.7,5.3,100,96,0.170,0.040,0.710,0.000,0.800,above_cutoff,self_consumption,60,27,False
2026-04-26 20:00,shoulder,1.5,2.6,5.2,96,95,0.670,0.000,0.810,0.000,0.200,below_cutoff,self_consumption,100,28,False
2026-04-26 21:00,shoulder,-0.5,2.6,5.2,95,95,0.650,0.000,0.570,0.000,0.000,below_cutoff,self_consumption,100,27,False
2026-04-26 22:00,shoulder,9.3,2.5,5.2,95,92,0.190,0.000,0.680,0.000,0.600,above_cutoff,self_consumption,49,27,False
2026-04-26 23:00,shoulder,-0.4,2.5,6.0,92,92,0.480,0.000,0.490,0.000,0.000,below_cutoff,self_consumption,100,28,False
2026-04-27 00:00,shoulder,-0.8,2.5,5.1,92,92,0.530,0.000,0.440,0.000,0.000,below_cutoff,self_consumption,100,27,False
2026-04-27 01:00,shoulder,-2.0,2.4,5.0,92,92,0.550,0.000,0.460,0.000,0.000,below_cutoff,self_consumption,100,28,False
2026-04-27 02:00,shoulder,10.3,2.3,5.0,92,90,0.270,0.000,0.530,0.000,0.400,above_cutoff,self_consumption,33,27,False
2026-04-27 03:00,shoulder,-1.3,2.3,5.0,90,90,0.450,0.000,0.530,0.000,0.000,below_cutoff,self_consumption,100,27,False
2026-04-27 04:00,shoulder,12.3,2.3,5.0,90,89,0.490,0.000,0.600,0.000,0.200,above_cutoff,self_consumption,30,28,False
2026-04-27 05:00,shoulder,11.3,2.3,5.0,89,87,0.450,0.000,0.690,0.000,0.400,above_cutoff,self_consumption,31,28,False
2026-04-27 06:00,shoulder,15.4,2.4,4.3,87,85,0.190,0.080,0.670,0.000,0.400,above_cutoff,self_consumption,26,27,False
2026-04-27 07:00,shoulder,1.3,2.2,4.2,85,85,0.400,0.360,0.760,0.000,0.000,below_cutoff,self_consumption,100,28,False
2026-04-27 08:00,shoulder,2.3,2.1,4.2,85,85,0.180,0.530,0.600,0.000,0.000,below_cutoff,self_consumption,100,27,False
2026-04-27 09:00,shoulder,2.6,2.1,4.4,85,86,0.060,0.730,0.570,0.200,0.000,below_cutoff,self_consumption,100,28,False
2026-04-27 10:00,shoulder,2.4,2.2,4.9,86,86,0.090,0.670,0.600,0.000,0.000,below_cutoff,self_consumption,100,28,False
2026-04-27 11:00,shoulder,3.2,2.2,5.4,86,87,0.580,0.480,0.940,0.200,0.000,below_cutoff,self_consumption,100,27,False
2026-04-27 12:00,shoulder,2.6,2.2,5.6,87,87,0.700,0.070,0.680,0.000,0.000,below_cutoff,self_consumption,100,28,False
2026-04-27 13:00,shoulder,1.7,2.2,5.4,87,88,0.330,0.900,0.740,0.200,0.000,below_cutoff,self_consumption,100,28,False
2026-04-27 14:00,shoulder,2.1,2.2,5.0,88,89,0.070,2.330,2.020,0.200,0.000,below_cutoff,self_consumption,100,27,False
2026-04-27 15:00,shoulder,2.9,2.3,4.6,89,90,0.360,2.460,2.520,0.200,0.000,below_cutoff,self_consumption,100,28,False
2026-04-27 16:00,shoulder,2.9,2.4,4.4,90,92,0.130,2.420,2.020,0.400,0.000,below_cutoff,self_consumption,100,28,False
2026-04-27 17:00,shoulder,4.1,2.5,4.4,92,95,0.200,1.390,0.740,0.600,0.000,below_cutoff,self_consumption,100,28,False
2026-04-27 18:00,shoulder,25.4,2.6,4.4,95,91,0.340,0.060,1.020,0.000,0.800,above_cutoff,self_consumption,25,27,False
2026-04-27 19:00,shoulder,34.6,2.7,4.6,91,87,0.020,0.000,0.970,0.000,0.800,above_cutoff,self_consumption,20,28,False
2026-04-27 20:00,shoulder,2.6,2.7,4.6,86,86,1.490,0.000,1.530,0.000,0.000,below_cutoff,self_consumption,100,27,False
2026-04-27 21:00,shoulder,3.1,2.8,4.7,86,84,1.410,0.000,1.660,0.000,0.400,below_cutoff,self_consumption,100,27,False
2026-04-27 22:00,shoulder,2.7,2.8,4.7,84,84,1.730,0.000,1.650,0.000,0.000,below_cutoff,self_consumption,100,28,False
2026-04-27 23:00,shoulder,23.5,2.9,5.7,84,81,0.240,0.000,0.960,0.000,0.600,above_cutoff,self_consumption,27,27,False
2026-04-28 00:00,shoulder,20.4,2.9,5.9,81,73,0.000,0.000,1.539,0.000,1.600,above_cutoff,self_consumption,25,28,True
2026-04-28 01:00,shoulder,1.5,2.9,6.0,73,72,2.010,0.000,2.150,0.000,0.200,below_cutoff,self_consumption,100,28,False
2026-04-28 02:00,shoulder,1.8,2.9,5.9,72,72,1.540,0.000,1.460,0.000,0.000,below_cutoff,self_consumption,100,27,False
2026-04-28 03:00,shoulder,0.4,2.9,5.9,72,72,1.560,0.000,1.470,0.000,0.000,below_cutoff,self_consumption,100,27,False
2026-04-28 04:00,shoulder,4.5,2.9,6.0,72,71,0.870,0.000,1.060,0.000,0.200,below_cutoff,self_consumption,100,27,False
2026-04-28 05:00,shoulder,2.8,2.9,6.0,71,71,1.110,0.000,1.020,0.000,0.000,below_cutoff,self_consumption,100,28,False
2026-04-28 06:00,shoulder,23.1,3.1,5.4,71,68,0.060,0.020,0.810,0.000,0.600,above_cutoff,self_consumption,17,27,False
2026-04-28 07:00,shoulder,22.0,3.5,5.9,68,63,0.030,0.170,1.230,0.000,1.000,above_cutoff,self_consumption,18,28,False
2026-04-28 08:00,shoulder,23.7,3.9,6.5,62,58,0.020,0.780,1.780,0.000,0.800,above_cutoff,self_consumption,16,27,False
2026-04-28 09:00,shoulder,24.2,4.0,6.6,58,61,0.020,1.530,0.750,0.600,0.000,above_cutoff,self_consumption,16,28,False
2026-04-28 10:00,shoulder,14.1,4.0,6.6,62,76,0.030,3.220,0.590,2.800,0.000,above_cutoff,self_consumption,28,27,False
2026-04-28 11:00,shoulder,1.2,4.0,6.8,77,89,-6.600,4.190,0.590,2.400,0.000,below_cutoff,self_consumption,100,28,False
2026-04-28 12:00,shoulder,1.8,4.0,7.0,90,95,2.740,4.830,0.550,1.000,0.000,below_cutoff,self_consumption,85,28,False
2026-04-28 13:00,shoulder,1.9,4.0,6.8,95,100,3.250,4.550,0.510,1.000,0.000,below_cutoff,self_consumption,85,28,False
2026-04-28 14:00,shoulder,3.9,4.1,6.4,100,100,4.560,5.240,0.650,0.000,0.000,below_cutoff,self_consumption,100,27,False
2026-04-28 15:00,shoulder,3.1,4.1,5.9,100,100,-4.470,4.360,1.170,0.000,0.000,below_cutoff,self_consumption,100,28,False
2026-04-28 16:00,shoulder,2.5,4.1,5.7,100,100,0.530,3.310,3.760,0.000,0.000,below_cutoff,self_consumption,100,28,False
2026-04-28 17:00,shoulder,6.0,4.0,5.5,100,100,7.500,2.550,2.440,0.000,0.000,below_cutoff,self_consumption,100,28,False
2026-04-28 18:00,shoulder,8.0,3.9,5.4,100,100,-7.130,0.730,0.610,0.000,0.000,above_cutoff,self_consumption,60,28,False
2026-04-28 19:00,shoulder,7.6,3.9,5.4,100,95,0.000,0.060,0.760,0.000,1.000,above_cutoff,self_consumption,60,27,False
2026-04-28 20:00,shoulder,5.5,4.2,5.6,95,91,0.010,0.000,0.730,0.000,0.800,above_cutoff,self_consumption,60,28,False
2026-04-28 21:00,shoulder,9.7,4.4,5.7,91,88,0.020,0.000,0.710,0.000,0.600,above_cutoff,self_consumption,46,28,False
2026-04-28 22:00,shoulder,4.4,4.9,6.1,88,87,0.300,0.000,0.470,0.000,0.200,below_cutoff,self_consumption,100,27,False
2026-04-28 23:00,shoulder,5.5,4.9,6.9,87,87,0.910,0.000,0.830,0.000,0.000,below_cutoff,self_consumption,100,28,False
2026-04-29 00:00,shoulder,4.9,4.9,6.8,87,87,0.480,0.000,0.400,0.000,0.000,below_cutoff,self_consumption,100,28,False
2026-04-29 01:00,shoulder,2.9,4.9,6.8,87,87,1.910,0.000,1.830,0.000,0.000,below_cutoff,self_consumption,100,28,False
2026-04-29 02:00,shoulder,2.7,4.9,6.8,87,87,2.040,0.000,1.950,0.000,0.000,below_cutoff,self_consumption,100,28,False
2026-04-29 03:00,shoulder,4.2,5.0,6.9,87,87,1.510,0.000,1.410,0.000,0.000,below_cutoff,self_consumption,100,28,False
2026-04-29 04:00,shoulder,2.3,4.9,6.8,87,87,1.460,0.000,1.370,0.000,0.000,below_cutoff,self_consumption,100,28,False
2026-04-29 05:00,shoulder,0.8,4.9,6.8,87,87,1.550,0.000,1.470,0.000,0.000,below_cutoff,self_consumption,100,28,False
2026-04-29 06:00,shoulder,2.6,4.1,5.5,87,87,1.470,0.010,1.390,0.000,0.000,below_cutoff,self_consumption,100,28,False
2026-04-29 07:00,shoulder,4.7,4.2,5.5,87,85,0.660,0.190,1.080,0.000,0.400,below_cutoff,self_consumption,100,27,False
2026-04-29 08:00,shoulder,4.1,4.0,5.4,85,87,0.010,1.330,0.740,0.400,0.000,below_cutoff,self_consumption,100,28,False
2026-04-29 09:00,shoulder,4.7,4.2,5.8,87,94,0.010,3.250,0.800,1.400,0.000,below_cutoff,self_consumption,100,28,False
2026-04-29 10:00,shoulder,1.9,4.2,6.1,94,95,10.790,1.670,0.540,0.200,0.000,below_cutoff,self_consumption,85,27,False
2026-04-29 11:00,shoulder,2.6,4.2,6.6,95,100,0.330,1.180,0.980,1.000,0.000,below_cutoff,self_consumption,100,28,False
2026-04-29 12:00,shoulder,7.0,4.2,6.9,100,100,-10.040,0.870,0.620,0.000,0.000,below_cutoff,self_consumption,100,28,False
2026-04-29 13:00,shoulder,2.1,4.5,6.8,100,100,10.060,1.670,0.710,0.000,0.000,below_cutoff,self_consumption,100,28,False
2026-04-29 14:00,shoulder,2.3,4.4,6.3,100,100,-6.470,3.280,0.650,0.000,0.000,below_cutoff,self_consumption,100,28,False
2026-04-29 15:00,shoulder,1.2,4.4,5.8,100,100,9.240,0.580,3.270,0.000,0.000,below_cutoff,self_consumption,100,28,False
2026-04-29 16:00,shoulder,1.1,4.4,5.6,100,100,2.860,1.710,4.480,0.000,0.000,below_cutoff,self_consumption,100,28,False
2026-04-29 17:00,shoulder,1.4,4.2,5.4,100,100,0.420,1.340,1.240,0.000,0.000,below_cutoff,self_consumption,100,28,False
2026-04-29 18:00,shoulder,3.0,4.0,5.2,100,100,0.250,0.230,0.390,0.000,0.000,below_cutoff,self_consumption,100,27,False
2026-04-29 19:00,shoulder,4.2,3.9,5.2,100,98,0.330,0.030,0.650,0.000,0.400,below_cutoff,self_consumption,100,28,False
2026-04-29 20:00,shoulder,4.5,3.9,5.2,98,94,0.140,0.000,1.030,0.000,0.800,below_cutoff,self_consumption,100,28,False
2026-04-29 21:00,shoulder,7.9,3.9,5.2,94,90,0.170,0.000,0.980,0.000,0.800,above_cutoff,self_consumption,60,27,False
2026-04-29 22:00,shoulder,4.8,3.9,5.2,90,87,0.440,0.000,0.910,0.000,0.600,below_cutoff,self_consumption,100,28,False
2026-04-29 23:00,shoulder,11.1,3.9,6.0,87,84,0.100,0.000,0.800,0.000,0.600,above_cutoff,self_consumption,42,27,False
2026-04-30 00:00,shoulder,10.2,3.9,6.2,84,80,0.000,0.000,0.730,0.000,0.800,above_cutoff,self_consumption,38,28,True
2026-04-30 01:00,shoulder,3.0,3.9,6.2,80,79,1.230,0.000,1.260,0.000,0.200,below_cutoff,self_consumption,100,28,False
2026-04-30 02:00,shoulder,3.3,3.9,6.2,79,79,1.500,0.000,1.410,0.000,0.000,below_cutoff,self_consumption,100,27,False
2026-04-30 03:00,shoulder,3.4,3.9,6.2,79,79,1.650,0.000,1.560,0.000,0.000,below_cutoff,self_consumption,100,28,False
2026-04-30 04:00,shoulder,3.3,3.8,6.1,79,79,1.590,0.000,1.500,0.000,0.000,below_cutoff,self_consumption,100,28,False
2026-04-30 05:00,shoulder,3.9,3.9,6.2,79,79,1.860,0.000,1.770,0.000,0.000,below_cutoff,self_consumption,100,28,False
2026-04-30 06:00,shoulder,6.8,4.0,5.5,79,79,0.230,0.490,0.800,0.000,0.000,above_cutoff,self_consumption,50,28,False
2026-04-30 07:00,shoulder,4.0,3.9,5.4,79,80,0.130,1.560,1.460,0.200,0.000,below_cutoff,self_consumption,100,27,False
2026-04-30 08:00,shoulder,3.7,3.8,5.4,80,81,0.190,2.600,2.560,0.200,0.000,below_cutoff,self_consumption,100,28,False
2026-04-30 09:00,shoulder,3.8,3.7,5.4,81,85,0.210,3.630,2.870,0.800,0.000,below_cutoff,self_consumption,100,27,False
2026-04-30 10:00,shoulder,3.7,3.7,5.9,85,91,0.180,4.030,2.810,1.200,0.000,below_cutoff,self_consumption,100,28,False
2026-04-30 11:00,shoulder,3.1,3.7,6.3,91,92,0.180,1.900,1.680,0.200,0.000,below_cutoff,self_consumption,100,28,False
2026-04-30 12:00,shoulder,2.6,3.7,6.6,92,95,0.170,2.570,2.010,0.600,0.000,below_cutoff,self_consumption,100,28,False
2026-04-30 13:00,shoulder,2.3,3.6,6.3,95,95,0.360,1.480,1.670,0.000,0.000,below_cutoff,self_consumption,100,28,False
2026-04-30 14:00,shoulder,2.6,3.6,5.8,95,95,-8.460,4.010,2.870,0.000,0.000,below_cutoff,self_consumption,100,27,False
2026-04-30 15:00,shoulder,2.7,3.6,5.4,95,100,-8.340,2.470,2.590,1.000,0.000,below_cutoff,self_consumption,100,28,False
2026-04-30 16:00,shoulder,2.5,3.6,5.1,100,100,9.000,1.300,0.720,0.000,0.000,below_cutoff,self_consumption,100,28,False
2026-04-30 17:00,shoulder,2.9,3.6,5.0,100,100,1.190,0.440,1.550,0.000,0.000,below_cutoff,self_consumption,100,28,False
2026-04-30 18:00,shoulder,5.9,3.7,5.1,100,98,0.850,0.050,1.140,0.000,0.400,above_cutoff,self_consumption,60,28,False
2026-04-30 19:00,shoulder,4.7,3.7,5.1,98,94,0.010,0.000,0.930,0.000,0.800,above_cutoff,self_consumption,60,28,False
2026-04-30 20:00,shoulder,4.3,3.7,5.0,93,86,0.400,0.000,1.930,0.000,1.400,below_cutoff,self_consumption,100,28,False
2026-04-30 21:00,shoulder,4.3,3.7,5.0,86,86,1.670,0.000,1.590,0.000,0.000,below_cutoff,self_consumption,100,28,False
2026-04-30 22:00,shoulder,9.6,3.8,5.3,86,82,0.090,0.000,1.010,0.000,0.800,above_cutoff,self_consumption,46,27,False
2026-04-30 23:00,shoulder,3.8,3.7,6.1,82,81,1.370,0.000,1.350,0.000,0.200,below_cutoff,self_consumption,100,28,False
2026-05-01 00:00,summer,7.6,3.9,6.3,81,79,0.500,0.000,0.970,0.000,0.400,above_cutoff,self_consumption,50,27,False
2026-05-01 01:00,summer,7.6,4.1,6.5,79,76,0.450,0.000,1.190,0.000,0.600,above_cutoff,self_consumption,50,28,False
2026-05-01 02:00,summer,4.0,4.1,6.6,75,75,1.300,0.000,1.310,0.000,0.000,below_cutoff,self_consumption,100,28,False
2026-05-01 03:00,summer,3.4,4.1,6.6,75,75,1.670,0.000,1.580,0.000,0.000,below_cutoff,self_consumption,100,28,False
2026-05-01 04:00,summer,4.3,4.1,6.6,75,75,1.520,0.000,1.440,0.000,0.000,below_cutoff,self_consumption,100,27,False
2026-05-01 05:00,summer,5.5,4.2,6.7,75,73,1.030,0.000,1.430,0.000,0.400,below_cutoff,self_consumption,100,28,False
2026-05-01 06:00,summer,4.1,4.2,5.9,73,73,1.140,0.230,1.280,0.000,0.000,below_cutoff,self_consumption,100,28,False
2026-05-01 07:00,summer,3.3,4.1,5.9,73,73,1.250,1.020,2.110,0.000,0.000,below_cutoff,self_consumption,100,28,False
2026-05-01 08:00,summer,3.3,4.1,5.8,73,78,0.070,2.670,1.620,1.000,0.000,below_cutoff,self_consumption,100,28,False
2026-05-01 09:00,summer,4.5,4.1,5.8,79,85,0.270,2.970,1.700,1.200,0.000,below_cutoff,self_consumption,100,27,False
2026-05-01 10:00,summer,2.3,4.1,6.2,85,95,-8.220,5.050,1.970,2.000,0.000,below_cutoff,self_consumption,100,28,False
2026-05-01 11:00,summer,3.8,4.1,6.7,95,95,10.030,4.030,4.170,0.000,0.000,below_cutoff,self_consumption,100,28,False
2026-05-01 12:00,summer,3.5,4.1,6.9,95,95,5.450,2.820,8.170,0.000,0.000,below_cutoff,self_consumption,100,28,False
2026-05-01 13:00,summer,3.1,4.1,6.7,95,95,-14.300,2.110,3.770,0.000,0.000,below_cutoff,self_consumption,100,28,False
2026-05-01 14:00,summer,3.1,4.1,6.2,95,100,0.790,1.970,0.750,1.000,0.000,below_cutoff,self_consumption,100,28,False
2026-05-01 15:00,summer,7.5,4.1,5.8,100,100,1.770,2.330,0.560,0.000,0.000,above_cutoff,self_consumption,55,27,False
2026-05-01 16:00,summer,3.5,4.1,5.5,100,100,14.310,1.460,1.470,0.000,0.000,below_cutoff,self_consumption,100,28,False
2026-05-01 17:00,summer,2.7,4.1,5.5,100,98,0.710,1.110,1.730,0.000,0.400,below_cutoff,self_consumption,100,28,False
2026-05-01 18:00,summer,3.2,4.1,5.4,98,98,0.450,0.370,0.760,0.000,0.000,below_cutoff,self_consumption,100,28,False
2026-05-01 19:00,summer,4.8,4.1,5.4,98,98,0.620,0.070,0.590,0.000,0.000,below_cutoff,self_consumption,100,28,False
2026-05-01 20:00,summer,5.9,4.1,5.4,98,95,0.100,0.000,0.900,0.000,0.600,above_cutoff,self_consumption,55,28,False
2026-05-01 21:00,summer,3.8,4.1,5.3,94,94,1.240,0.000,1.250,0.000,0.000,below_cutoff,self_consumption,100,27,False
2026-05-01 22:00,summer,4.3,4.1,5.3,94,94,1.620,0.000,1.530,0.000,0.000,below_cutoff,self_consumption,100,28,False
2026-05-01 23:00,summer,20.9,4.2,6.2,94,91,0.320,0.000,1.010,0.000,0.600,above_cutoff,self_consumption,24,28,False
2026-05-02 00:00,summer,15.2,4.2,7.1,90,87,0.010,0.000,0.780,0.000,0.600,above_cutoff,self_consumption,25,25,False
2026-05-02 01:00,summer,13.2,4.2,7.3,87,79,0.020,0.000,1.710,0.000,1.600,above_cutoff,self_consumption,27,28,False
2026-05-02 02:00,summer,3.5,4.2,7.4,79,77,1.630,0.000,1.810,0.000,0.400,below_cutoff,self_consumption,100,27,False
2026-05-02 03:00,summer,4.4,4.2,7.4,77,77,1.540,0.000,1.450,0.000,0.000,below_cutoff,self_consumption,100,27,False
2026-05-02 04:00,summer,4.5,4.2,7.4,77,77,1.620,0.000,1.530,0.000,0.000,below_cutoff,self_consumption,100,28,False
2026-05-02 05:00,summer,13.8,4.2,7.5,77,74,0.690,0.000,1.350,0.000,0.600,above_cutoff,self_consumption,21,27,False
2026-05-02 06:00,summer,4.3,4.2,6.8,74,73,0.760,0.550,1.410,0.000,0.200,below_cutoff,self_consumption,100,28,False
2026-05-02 07:00,summer,3.2,4.2,6.7,73,76,0.190,1.700,1.260,0.600,0.000,below_cutoff,self_consumption,100,27,False
2026-05-02 08:00,summer,3.4,4.2,6.5,76,85,0.010,2.700,0.690,1.800,0.000,below_cutoff,self_consumption,100,28,False
2026-05-02 09:00,summer,22.4,4.3,6.8,85,93,0.000,3.810,1.440,1.600,0.000,above_cutoff,self_consumption,13,27,False
2026-05-02 10:00,summer,3.6,4.3,7.2,93,95,2.320,4.940,1.660,0.400,0.000,below_cutoff,self_consumption,100,28,False
2026-05-02 11:00,summer,2.6,4.3,7.7,95,100,2.640,4.610,1.760,1.000,0.000,below_cutoff,self_consumption,100,27,False
2026-05-02 12:00,summer,2.0,4.3,7.9,100,100,1.510,3.220,1.740,0.000,0.000,below_cutoff,self_consumption,100,28,False
2026-05-02 13:00,summer,2.8,4.3,7.7,100,100,2.170,3.770,1.620,0.000,0.000,below_cutoff,self_consumption,100,28,False
2026-05-02 14:00,summer,20.0,4.3,7.3,100,100,1.600,3.180,1.610,0.000,0.000,above_cutoff,self_consumption,25,28,False
2026-05-02 15:00,summer,10.3,4.5,6.9,100,98,-4.490,2.500,2.140,0.000,0.400,above_cutoff,self_consumption,35,27,False
2026-05-02 16:00,summer,3.7,4.5,6.7,98,97,0.240,2.170,1.950,0.000,0.200,below_cutoff,self_consumption,100,28,False
2026-05-02 17:00,summer,3.1,4.5,6.6,97,100,0.380,2.090,1.540,0.600,0.000,below_cutoff,self_consumption,100,28,False
2026-05-02 18:00,summer,4.0,4.5,6.6,100,100,0.600,0.770,1.300,0.000,0.000,below_cutoff,self_consumption,100,28,False
2026-05-02 19:00,summer,5.8,4.8,6.8,100,98,0.690,0.050,1.100,0.000,0.400,below_cutoff,self_consumption,100,27,False
2026-05-02 20:00,summer,7.0,4.8,6.8,98,94,0.110,0.000,0.860,0.000,0.800,above_cutoff,self_consumption,55,27,False
2026-05-02 21:00,summer,7.7,5.1,7.0,94,91,0.240,0.000,0.800,0.000,0.600,above_cutoff,self_consumption,55,28,False
2026-05-02 22:00,summer,4.2,5.1,7.0,91,91,1.420,0.000,1.420,0.000,0.000,below_cutoff,self_consumption,100,27,False
2026-05-02 23:00,summer,3.9,4.6,7.4,91,91,1.560,0.000,1.470,0.000,0.000,below_cutoff,self_consumption,100,28,False
2026-05-03 00:00,summer,4.7,4.4,7.3,91,91,1.560,0.000,1.480,0.000,0.000,below_cutoff,self_consumption,100,28,False
2026-05-03 01:00,summer,1.7,4.2,7.1,91,91,1.550,0.000,1.460,0.000,0.000,below_cutoff,self_consumption,100,28,False
2026-05-03 02:00,summer,1.3,4.1,7.1,91,91,1.580,0.000,1.490,0.000,0.000,below_cutoff,self_consumption,100,28,False
2026-05-03 03:00,summer,1.1,4.0,7.1,91,91,1.650,0.000,1.570,0.000,0.000,below_cutoff,self_consumption,100,28,False
2026-05-03 04:00,summer,1.7,4.0,7.0,91,91,1.530,0.000,1.440,0.000,0.000,below_cutoff,self_consumption,100,27,False
2026-05-03 05:00,summer,1.5,3.9,7.0,91,91,1.810,0.000,1.720,0.000,0.000,below_cutoff,self_consumption,100,28,False
2026-05-03 06:00,summer,0.8,3.8,6.1,91,91,0.960,0.570,1.440,0.000,0.000,below_cutoff,self_consumption,100,28,False
2026-05-03 07:00,summer,-0.9,3.8,6.1,91,90,1.550,1.250,2.730,0.000,0.200,below_cutoff,self_consumption,100,28,False
2026-05-03 08:00,summer,0.8,3.7,6.1,90,90,6.230,1.760,7.910,0.000,0.000,below_cutoff,self_consumption,100,28,False
2026-05-03 09:00,summer,-0.0,3.7,6.3,90,90,6.130,2.740,8.780,0.000,0.000,below_cutoff,self_consumption,100,28,False
2026-05-03 10:00,summer,0.1,3.7,6.8,90,90,7.370,1.650,8.920,0.000,0.000,below_cutoff,self_consumption,100,28,False
2026-05-03 11:00,summer,-0.5,3.7,7.2,90,90,4.430,1.410,5.760,0.000,0.000,below_cutoff,self_consumption,100,27,False
2026-05-03 12:00,summer,-2.3,3.7,7.5,90,95,-36.680,4.060,1.300,1.000,0.000,below_cutoff,self_consumption,85,28,False
2026-05-03 13:00,summer,-2.2,3.6,7.2,95,95,0.580,5.170,4.180,0.000,0.000,below_cutoff,self_consumption,85,28,False
2026-05-03 14:00,summer,-0.1,3.5,6.7,95,100,3.750,5.240,1.290,1.000,0.000,below_cutoff,self_consumption,85,28,False
2026-05-03 15:00,summer,0.3,3.2,6.0,100,100,2.790,3.580,0.850,0.000,0.000,below_cutoff,self_consumption,100,27,False
2026-05-03 16:00,summer,0.6,3.0,5.6,100,100,2.710,3.800,1.090,0.000,0.000,below_cutoff,self_consumption,100,28,False
2026-05-03 17:00,summer,1.9,3.0,5.5,100,100,0.880,2.540,1.660,0.000,0.000,below_cutoff,self_consumption,100,28,False
2026-05-03 18:00,summer,14.3,3.0,5.5,100,100,25.810,0.770,0.840,0.000,0.000,above_cutoff,self_consumption,31,28,False
2026-05-03 19:00,summer,17.8,3.0,5.6,100,95,0.010,0.070,0.860,0.000,1.000,above_cutoff,self_consumption,27,27,False
2026-05-03 20:00,summer,4.5,3.0,5.6,94,91,1.370,0.000,1.960,0.000,0.600,below_cutoff,self_consumption,100,28,False
2026-05-03 21:00,summer,2.5,2.8,5.4,91,91,2.460,0.000,2.380,0.000,0.000,below_cutoff,self_consumption,100,28,False
2026-05-03 22:00,summer,3.6,2.7,5.3,91,91,2.210,0.000,2.320,0.000,0.000,below_cutoff,self_consumption,100,28,False
2026-05-03 23:00,summer,3.0,2.6,6.1,91,91,2.300,0.000,2.220,0.000,0.000,below_cutoff,self_consumption,100,28,False
2026-05-04 00:00,summer,2.9,2.5,5.1,91,91,4.260,0.000,4.170,0.000,0.000,below_cutoff,self_consumption,100,27,False
2026-05-04 01:00,summer,2.6,2.5,5.1,91,91,2.370,0.000,2.280,0.000,0.000,below_cutoff,self_consumption,100,28,False
2026-05-04 02:00,summer,3.1,2.5,5.1,91,91,2.080,0.000,1.990,0.000,0.000,below_cutoff,self_consumption,100,28,False
2026-05-04 03:00,summer,1.7,2.5,5.1,91,91,1.520,0.000,1.430,0.000,0.000,below_cutoff,self_consumption,100,27,False
2026-05-04 04:00,summer,2.1,2.5,5.1,91,91,1.410,0.000,1.310,0.000,0.000,below_cutoff,self_consumption,100,28,False
2026-05-04 05:00,summer,24.0,2.6,5.2,91,88,0.560,0.000,1.030,0.000,0.600,above_cutoff,self_consumption,11,27,False
2026-05-04 06:00,summer,5.6,2.7,4.5,88,87,0.000,0.530,0.790,0.000,0.200,above_cutoff,self_consumption,45,28,False
2026-05-04 07:00,summer,2.4,2.8,4.6,87,88,0.070,1.630,1.420,0.200,0.000,below_cutoff,self_consumption,100,28,False
2026-05-04 08:00,summer,1.7,2.8,4.7,88,91,0.010,2.670,1.560,0.600,0.000,below_cutoff,self_consumption,100,28,False
2026-05-04 09:00,summer,1.5,2.8,4.9,91,95,-11.630,3.830,1.640,0.800,0.000,below_cutoff,self_consumption,85,28,False
2026-05-04 10:00,summer,1.6,2.8,5.4,95,100,2.470,4.750,2.090,1.000,0.000,below_cutoff,self_consumption,85,29,False
2026-05-04 11:00,summer,1.0,2.8,5.8,100,100,3.210,5.390,2.200,0.000,0.000,below_cutoff,self_consumption,85,29,False
2026-05-04 12:00,summer,1.0,2.8,6.1,100,100,3.200,5.860,2.750,0.000,0.000,below_cutoff,self_consumption,85,30,False
2026-05-04 13:00,summer,2.0,2.8,5.8,100,100,2.430,5.490,4.480,0.000,0.000,below_cutoff,self_consumption,100,29,False
2026-05-04 14:00,summer,1.3,2.8,5.3,100,100,1.280,4.530,1.780,0.000,0.000,below_cutoff,self_consumption,85,30,False
2026-05-04 15:00,summer,1.1,2.8,4.9,100,100,4.710,3.550,9.660,0.000,0.000,below_cutoff,self_consumption,100,29,False
2026-05-04 16:00,summer,1.8,2.8,4.7,100,100,2.940,2.520,5.340,0.000,0.000,below_cutoff,self_consumption,100,30,False
2026-05-04 17:00,summer,8.2,2.8,4.6,100,98,3.470,0.450,4.230,0.000,0.400,above_cutoff,self_consumption,53,30,False
2026-05-04 18:00,summer,5.3,2.8,4.5,98,94,1.830,0.770,3.320,0.000,0.800,above_cutoff,self_consumption,55,29,False
2026-05-04 19:00,summer,16.1,2.8,4.5,93,87,0.010,0.140,1.490,0.000,1.200,above_cutoff,self_consumption,29,29,False
2026-05-04 20:00,summer,4.9,2.8,4.7,87,79,0.010,0.000,1.580,0.000,1.600,above_cutoff,self_consumption,55,30,False
2026-05-04 21:00,summer,8.3,2.9,5.1,78,71,0.010,0.000,1.480,0.000,1.400,above_cutoff,self_consumption,52,30,False
2026-05-04 22:00,summer,4.4,2.9,5.1,71,69,0.620,0.000,0.970,0.000,0.400,below_cutoff,self_consumption,100,29,False
2026-05-04 23:00,summer,12.3,3.3,6.2,69,68,0.690,0.000,0.890,0.000,0.200,above_cutoff,self_consumption,33,29,False
2026-05-05 00:00,summer,8.9,3.4,6.5,68,63,0.000,0.000,1.114,0.000,1.000,above_cutoff,self_consumption,41,30,True
2026-05-05 01:00,summer,-2.0,3.4,6.6,62,61,1.900,0.000,2.020,0.000,0.200,below_cutoff,self_consumption,100,29,False
2026-05-05 02:00,summer,-1.5,3.4,6.6,61,61,3.680,0.000,3.580,0.000,0.000,below_cutoff,self_consumption,100,30,False
2026-05-05 03:00,summer,-3.9,3.4,6.6,61,61,1.450,0.000,1.360,0.000,0.000,below_cutoff,self_consumption,100,29,False
2026-05-05 04:00,summer,1.0,3.4,6.6,61,61,1.480,0.000,1.400,0.000,0.000,below_cutoff,self_consumption,100,30,False
2026-05-05 05:00,summer,9.9,3.1,6.4,61,59,0.560,0.000,1.020,0.000,0.400,above_cutoff,self_consumption,26,29,False
2026-05-05 06:00,summer,4.2,3.1,5.7,59,56,0.840,0.010,1.230,0.000,0.600,below_cutoff,self_consumption,100,30,False
2026-05-05 07:00,summer,2.1,3.1,5.7,56,56,2.380,0.450,2.750,0.000,0.000,below_cutoff,self_consumption,100,29,False
2026-05-05 08:00,summer,12.1,3.4,5.9,56,59,0.050,1.300,0.640,0.600,0.000,above_cutoff,self_consumption,23,30,False
2026-05-05 09:00,summer,3.0,3.4,6.0,59,65,0.020,2.350,0.740,1.200,0.000,below_cutoff,self_consumption,100,29,False
2026-05-05 10:00,summer,1.3,3.4,5.8,65,83,0.000,4.000,0.790,3.600,0.000,below_cutoff,self_consumption,100,30,False
2026-05-05 11:00,summer,32.2,3.8,6.5,83,94,-11.470,4.300,0.880,2.200,0.000,above_cutoff,self_consumption,10,30,False
2026-05-05 12:00,summer,4.1,4.0,6.9,94,95,11.410,4.380,1.610,0.200,0.000,below_cutoff,self_consumption,100,29,False
2026-05-05 13:00,summer,3.3,4.0,6.7,95,100,0.840,3.320,1.770,1.000,0.000,below_cutoff,self_consumption,100,30,False
2026-05-05 14:00,summer,3.7,4.1,6.3,100,100,8.770,2.860,1.240,0.000,0.000,below_cutoff,self_consumption,100,29,False
2026-05-05 15:00,summer,3.0,4.3,6.0,100,100,1.760,2.000,3.820,0.000,0.000,below_cutoff,self_consumption,100,30,False
2026-05-05 16:00,summer,3.0,4.3,5.7,100,100,0.710,1.830,2.250,0.000,0.000,below_cutoff,self_consumption,100,29,False
2026-05-05 17:00,summer,5.9,4.3,5.6,100,100,0.030,1.010,0.640,0.000,0.000,below_cutoff,self_consumption,100,30,False
2026-05-05 18:00,summer,7.7,4.5,5.7,100,98,0.010,0.710,0.780,0.000,0.400,above_cutoff,self_consumption,55,29,False
2026-05-05 19:00,summer,17.8,4.7,5.9,98,94,0.020,0.110,1.000,0.000,0.800,above_cutoff,self_consumption,27,30,False
2026-05-05 20:00,summer,10.4,4.7,5.9,90,89,0.000,0.000,0.110,0.000,0.200,above_cutoff,self_consumption,35,4,False
2026-05-05 21:00,summer,8.9,4.9,6.0,89,85,0.020,0.000,0.800,0.000,0.800,above_cutoff,self_consumption,46,28,False
2026-05-05 22:00,summer,8.9,5.1,6.3,85,81,0.030,0.000,0.760,0.000,0.800,above_cutoff,self_consumption,46,28,False
2026-05-05 23:00,summer,5.6,5.4,7.3,81,80,0.524,0.000,0.621,0.000,0.200,below_cutoff,self_consumption,100,28,True
2026-05-06 00:00,summer,14.5,6.5,8.2,80,75,0.110,0.000,1.300,0.000,1.000,above_cutoff,self_consumption,25,27,False
2026-05-06 01:00,summer,3.3,6.5,8.2,75,74,1.990,0.000,2.030,0.000,0.200,below_cutoff,self_consumption,100,28,False
2026-05-06 02:00,summer,3.1,6.5,8.2,74,74,1.570,0.000,1.490,0.000,0.000,below_cutoff,self_consumption,100,28,False
2026-05-06 03:00,summer,7.7,6.8,8.5,74,72,0.600,0.000,1.010,0.000,0.400,below_cutoff,self_consumption,100,28,False
2026-05-06 04:00,summer,6.8,7.5,9.0,72,71,0.580,0.000,0.640,0.000,0.200,below_cutoff,self_consumption,100,27,False
2026-05-06 05:00,summer,5.0,7.0,8.6,71,71,1.200,0.000,1.120,0.000,0.000,below_cutoff,self_consumption,100,28,False
2026-05-06 06:00,summer,11.3,7.6,8.2,71,72,0.260,0.640,0.620,0.200,0.000,above_cutoff,self_consumption,24,27,False
2026-05-06 07:00,summer,5.9,7.7,8.2,73,75,0.020,1.540,0.980,0.400,0.000,below_cutoff,self_consumption,100,27,False
2026-05-06 08:00,summer,4.6,7.6,8.0,75,82,0.010,2.660,1.050,1.400,0.000,below_cutoff,self_consumption,100,28,False
2026-05-06 09:00,summer,5.3,7.6,8.1,82,91,-6.160,3.500,1.010,1.800,0.000,below_cutoff,self_consumption,100,28,False
2026-05-06 10:00,summer,3.5,7.6,8.6,91,95,1.360,3.690,1.010,0.800,0.000,below_cutoff,self_consumption,100,27,False
2026-05-06 11:00,summer,2.0,7.3,8.8,95,100,2.670,3.790,1.060,1.000,0.000,below_cutoff,self_consumption,100,27,False
2026-05-06 12:00,summer,2.6,7.3,9.0,100,100,2.630,3.580,0.940,0.000,0.000,below_cutoff,self_consumption,100,28,False
2026-05-06 13:00,summer,8.0,7.3,8.8,100,100,2.440,3.360,0.910,0.000,0.000,below_cutoff,self_consumption,100,28,False
2026-05-06 14:00,summer,0.5,7.3,8.3,100,100,3.390,4.340,0.940,0.000,0.000,below_cutoff,self_consumption,85,28,False
2026-05-06 15:00,summer,2.1,7.3,7.9,100,100,-6.940,3.330,1.080,0.000,0.000,below_cutoff,self_consumption,100,27,False
2026-05-06 16:00,summer,1.4,7.3,7.6,100,100,-8.800,2.120,1.330,0.000,0.000,below_cutoff,self_consumption,100,28,False
2026-05-06 17:00,summer,2.3,7.1,7.4,100,100,3.530,1.340,4.790,0.000,0.000,below_cutoff,self_consumption,100,28,False
2026-05-06 18:00,summer,2.9,6.5,7.0,100,100,0.720,0.760,1.390,0.000,0.000,below_cutoff,self_consumption,100,28,False
2026-05-06 19:00,summer,33.1,6.4,7.0,100,96,0.070,0.130,0.940,0.000,0.800,above_cutoff,self_consumption,15,28,False
2026-05-06 20:00,summer,22.2,7.1,7.4,96,91,0.010,0.000,1.080,0.000,1.000,above_cutoff,self_consumption,23,27,False
2026-05-06 21:00,summer,4.2,5.5,6.4,90,90,1.850,0.000,1.940,0.000,0.000,below_cutoff,self_consumption,100,28,False
2026-05-06 22:00,summer,4.0,5.1,6.1,90,90,2.500,0.000,2.400,0.000,0.000,below_cutoff,self_consumption,100,28,False
2026-05-06 23:00,summer,3.7,5.0,6.8,90,90,2.460,0.000,2.370,0.000,0.000,below_cutoff,self_consumption,100,28,False
2026-05-07 00:00,summer,3.7,4.7,6.6,90,90,2.460,0.000,2.380,0.000,0.000,below_cutoff,self_consumption,100,28,False
2026-05-07 01:00,summer,4.5,4.7,6.6,90,89,2.170,0.000,2.280,0.000,0.200,below_cutoff,self_consumption,100,28,False
2026-05-07 02:00,summer,2.9,4.7,6.6,89,89,3.230,0.000,3.140,0.000,0.000,below_cutoff,self_consumption,100,28,False
2026-05-07 03:00,summer,7.5,4.6,6.6,89,88,2.750,0.000,2.940,0.000,0.200,above_cutoff,self_consumption,45,27,False
2026-05-07 04:00,summer,3.7,4.0,6.2,87,87,1.570,0.000,1.520,0.000,0.000,below_cutoff,self_consumption,100,28,False
2026-05-07 05:00,summer,5.5,4.1,6.2,87,87,1.700,0.010,1.620,0.000,0.000,below_cutoff,self_consumption,100,28,False
2026-05-07 06:00,summer,7.2,4.0,5.4,87,86,0.090,0.360,0.660,0.000,0.200,above_cutoff,self_consumption,45,28,False
2026-05-07 07:00,summer,3.6,3.9,5.3,86,88,0.040,1.180,0.810,0.400,0.000,below_cutoff,self_consumption,100,28,False
2026-05-07 08:00,summer,2.8,3.9,5.4,88,90,0.010,1.880,0.750,0.400,0.000,below_cutoff,self_consumption,100,28,False
2026-05-07 09:00,summer,2.8,3.8,5.6,90,95,1.880,3.920,0.660,1.000,0.000,below_cutoff,self_consumption,100,28,False
2026-05-07 10:00,summer,2.6,3.8,6.0,95,100,3.800,4.790,0.660,1.000,0.000,below_cutoff,self_consumption,100,28,False
2026-05-07 11:00,summer,2.8,3.8,6.5,100,100,4.700,5.400,0.680,0.000,0.000,below_cutoff,self_consumption,100,27,False
2026-05-07 12:00,summer,2.5,3.8,6.7,100,100,3.600,4.650,1.610,0.000,0.000,below_cutoff,self_consumption,100,28,False
2026-05-07 13:00,summer,3.2,3.8,6.5,100,100,1.110,1.250,1.570,0.000,0.000,below_cutoff,self_consumption,100,28,False
2026-05-07 14:00,summer,1.9,3.8,6.0,100,98,0.390,1.040,1.500,0.000,0.400,below_cutoff,self_consumption,85,28,False
2026-05-07 15:00,summer,2.5,3.8,5.6,98,100,0.220,0.890,0.680,0.400,0.000,below_cutoff,self_consumption,100,28,False
2026-05-07 16:00,summer,3.2,3.8,5.4,100,100,-0.700,1.640,1.260,0.000,0.000,below_cutoff,self_consumption,100,28,False
2026-05-07 17:00,summer,3.1,3.8,5.3,100,100,0.940,2.450,1.550,0.000,0.000,below_cutoff,self_consumption,100,28,False
2026-05-07 18:00,summer,2.7,3.8,5.2,100,100,0.540,0.770,1.330,0.000,0.000,below_cutoff,self_consumption,100,28,False
2026-05-07 19:00,summer,5.9,3.7,5.1,100,100,1.650,0.080,1.860,0.000,0.000,above_cutoff,self_consumption,55,28,False
2026-05-07 20:00,summer,6.0,3.7,5.0,98,92,0.000,0.000,1.300,0.000,1.200,above_cutoff,self_consumption,55,27,False
2026-05-07 21:00,summer,3.5,3.6,4.9,91,90,1.230,0.000,1.490,0.000,0.200,below_cutoff,self_consumption,100,28,False
2026-05-07 22:00,summer,3.3,3.6,4.9,90,90,1.590,0.000,1.490,0.000,0.000,below_cutoff,self_consumption,100,28,False
2026-05-07 23:00,summer,3.3,3.5,5.7,90,90,1.560,0.000,1.470,0.000,0.000,below_cutoff,self_consumption,100,28,False
2026-05-08 00:00,summer,3.2,3.5,5.7,90,90,2.260,0.000,2.170,0.000,0.000,below_cutoff,self_consumption,100,28,False
2026-05-08 01:00,summer,3.1,3.5,5.7,90,90,2.150,0.000,2.060,0.000,0.000,below_cutoff,self_consumption,100,27,False
2026-05-08 02:00,summer,2.7,3.5,5.7,90,90,1.530,0.000,1.440,0.000,0.000,below_cutoff,self_consumption,100,28,False
2026-05-08 03:00,summer,3.1,3.5,5.7,90,90,1.620,0.000,1.530,0.000,0.000,below_cutoff,self_consumption,100,28,False
2026-05-08 04:00,summer,7.1,3.5,5.7,90,88,0.890,0.000,1.190,0.000,0.400,above_cutoff,self_consumption,45,27,False
2026-05-08 05:00,summer,5.7,3.4,5.7,88,83,0.710,0.010,1.850,0.000,1.000,above_cutoff,self_consumption,45,28,False
2026-05-08 06:00,summer,5.5,3.4,5.0,82,78,0.010,0.350,1.200,0.000,0.800,above_cutoff,self_consumption,45,28,False
2026-05-08 07:00,summer,4.3,3.4,5.1,78,78,0.620,1.230,1.930,0.000,0.000,below_cutoff,self_consumption,100,27,False
2026-05-08 08:00,summer,3.9,3.5,5.1,78,83,0.110,2.550,1.360,1.000,0.000,below_cutoff,self_consumption,100,28,False
2026-05-08 09:00,summer,1.7,3.5,5.2,84,92,-9.720,3.210,0.610,1.600,0.000,below_cutoff,self_consumption,100,28,False
2026-05-08 10:00,summer,2.1,3.4,5.6,92,95,2.610,4.370,0.590,0.600,0.000,below_cutoff,self_consumption,100,28,False
2026-05-08 11:00,summer,12.0,3.4,6.1,95,100,2.390,4.560,1.950,1.000,0.000,above_cutoff,self_consumption,28,28,False
2026-05-08 12:00,summer,2.7,3.4,6.3,100,100,3.270,5.440,2.180,0.000,0.000,below_cutoff,self_consumption,100,26,False
2026-05-08 13:00,summer,27.1,3.5,6.3,100,100,4.560,5.710,1.150,0.000,0.000,above_cutoff,self_consumption,18,28,False
2026-05-08 14:00,summer,22.4,3.5,5.8,100,100,4.310,5.160,0.840,0.000,0.000,above_cutoff,self_consumption,23,28,False
2026-05-08 15:00,summer,2.3,3.5,5.4,100,100,2.170,3.780,1.700,0.000,0.000,below_cutoff,self_consumption,100,28,False
2026-05-08 16:00,summer,1.9,3.5,5.2,100,100,2.660,1.460,4.050,0.000,0.000,below_cutoff,self_consumption,100,28,False
2026-05-08 17:00,summer,3.2,3.6,5.1,100,97,7.430,2.210,2.690,0.000,0.600,below_cutoff,self_consumption,100,28,False
2026-05-08 18:00,summer,3.3,3.6,5.1,97,97,-5.770,0.590,1.440,0.000,0.000,below_cutoff,self_consumption,100,28,False
2026-05-08 19:00,summer,4.4,3.6,5.1,97,95,0.720,0.150,1.230,0.000,0.400,below_cutoff,self_consumption,100,27,False
2026-05-08 20:00,summer,3.1,3.4,5.0,95,95,1.680,0.000,1.590,0.000,0.000,below_cutoff,self_consumption,100,28,False
2026-05-08 21:00,summer,3.1,3.3,4.9,95,95,3.300,0.000,3.220,0.000,0.000,below_cutoff,self_consumption,100,28,False
2026-05-08 22:00,summer,1.7,3.2,4.8,95,95,1.480,0.000,1.390,0.000,0.000,below_cutoff,self_consumption,100,28,False
2026-05-08 23:00,summer,4.2,3.2,5.6,95,95,1.320,0.000,1.360,0.000,0.000,below_cutoff,self_consumption,100,28,False
2026-05-09 00:00,summer,5.3,3.5,6.8,95,95,1.430,0.000,1.330,0.000,0.000,below_cutoff,self_consumption,100,28,False
2026-05-09 01:00,summer,3.8,3.7,6.9,95,95,1.410,0.000,1.320,0.000,0.000,below_cutoff,self_consumption,100,27,False
2026-05-09 02:00,summer,3.5,3.7,6.9,95,95,1.400,0.000,1.310,0.000,0.000,below_cutoff,self_consumption,100,28,False
2026-05-09 03:00,summer,8.0,3.8,6.9,95,93,0.720,0.000,1.120,0.000,0.400,above_cutoff,self_consumption,45,28,False
2026-05-09 04:00,summer,3.4,3.8,6.9,93,92,1.290,0.000,1.280,0.000,0.200,below_cutoff,self_consumption,100,27,False
2026-05-09 05:00,summer,4.0,3.7,6.9,92,92,1.540,0.000,1.450,0.000,0.000,below_cutoff,self_consumption,100,28,False
2026-05-09 06:00,summer,2.6,3.5,6.0,92,92,1.280,0.210,1.410,0.000,0.000,below_cutoff,self_consumption,100,28,False
2026-05-09 07:00,summer,7.2,3.5,6.0,92,94,0.140,1.520,1.230,0.400,0.000,above_cutoff,self_consumption,45,28,False
2026-05-09 08:00,summer,3.5,3.5,6.1,94,95,0.140,2.270,1.450,0.200,0.000,below_cutoff,self_consumption,100,27,False
2026-05-09 09:00,summer,3.4,3.7,6.4,95,100,1.130,3.830,2.450,1.000,0.000,below_cutoff,self_consumption,100,28,False
2026-05-09 10:00,summer,13.3,3.7,6.9,100,100,2.040,4.060,2.040,0.000,0.000,above_cutoff,self_consumption,22,28,False
2026-05-09 11:00,summer,0.5,3.7,7.4,100,94,6.380,3.780,4.390,0.000,1.200,below_cutoff,self_consumption,100,28,False
2026-05-09 12:00,summer,0.1,3.7,7.6,94,95,1.210,2.530,2.470,0.200,0.000,below_cutoff,self_consumption,85,28,False
2026-05-09 13:00,summer,-0.6,3.6,7.2,95,95,-4.750,3.340,1.420,0.000,0.000,below_cutoff,self_consumption,85,27,False
2026-05-09 14:00,summer,-1.2,3.5,6.6,95,100,1.860,3.800,1.890,1.000,0.000,below_cutoff,self_consumption,85,28,False
2026-05-09 15:00,summer,-0.6,3.5,6.2,100,100,3.090,4.190,1.150,0.000,0.000,below_cutoff,self_consumption,100,28,False
2026-05-09 16:00,summer,1.0,3.5,6.0,100,100,0.080,3.560,3.110,0.000,0.000,below_cutoff,self_consumption,100,28,False
2026-05-09 17:00,summer,0.6,3.4,5.8,100,100,0.590,2.490,2.440,0.000,0.000,below_cutoff,self_consumption,100,28,False
2026-05-09 18:00,summer,14.8,3.5,5.9,100,96,0.120,0.800,1.680,0.000,0.800,above_cutoff,self_consumption,30,28,False
2026-05-09 19:00,summer,12.0,3.7,6.0,95,90,0.010,0.100,1.130,0.000,1.000,above_cutoff,self_consumption,33,27,False
2026-05-09 20:00,summer,4.8,3.7,6.0,90,88,0.990,0.000,1.300,0.000,0.400,below_cutoff,self_consumption,100,28,False
2026-05-09 21:00,summer,9.4,3.7,6.1,88,83,0.650,0.000,1.680,0.000,1.000,above_cutoff,self_consumption,41,27,False
2026-05-09 22:00,summer,3.7,3.8,6.2,83,82,1.310,0.000,1.440,0.000,0.200,below_cutoff,self_consumption,100,28,False
2026-05-09 23:00,summer,2.2,3.8,6.9,82,82,1.290,0.000,1.210,0.000,0.000,below_cutoff,self_consumption,100,28,False
2026-05-10 00:00,summer,3.7,3.7,6.9,82,82,0.530,0.000,0.440,0.000,0.000,below_cutoff,self_consumption,100,28,False
2026-05-10 01:00,summer,4.2,3.7,6.9,82,82,0.570,0.000,0.520,0.000,0.000,below_cutoff,self_consumption,100,28,False
2026-05-10 02:00,summer,2.1,3.6,6.8,82,82,0.530,0.000,0.440,0.000,0.000,below_cutoff,self_consumption,100,28,False
2026-05-10 03:00,summer,2.4,3.5,6.8,82,82,0.550,0.000,0.460,0.000,0.000,below_cutoff,self_consumption,100,28,False
2026-05-10 04:00,summer,2.2,3.5,6.7,82,82,0.510,0.000,0.430,0.000,0.000,below_cutoff,self_consumption,100,27,False
2026-05-10 05:00,summer,4.2,3.4,6.7,82,82,0.600,0.000,0.510,0.000,0.000,below_cutoff,self_consumption,100,28,False
2026-05-10 06:00,summer,3.6,3.6,6.0,82,82,0.390,0.350,0.600,0.000,0.000,below_cutoff,self_consumption,100,28,False
2026-05-10 07:00,summer,2.1,3.5,5.9,82,84,0.080,1.700,1.090,0.400,0.000,below_cutoff,self_consumption,100,28,False
2026-05-10 08:00,summer,1.6,3.4,5.9,84,87,0.010,2.770,1.670,0.600,0.000,below_cutoff,self_consumption,100,28,False
2026-05-10 09:00,summer,1.7,3.2,6.0,88,95,-3.210,4.000,1.610,1.400,0.000,below_cutoff,self_consumption,85,28,False
2026-05-10 10:00,summer,1.6,3.0,6.3,95,100,3.830,4.990,0.840,1.000,0.000,below_cutoff,self_consumption,85,28,False
2026-05-10 11:00,summer,1.1,3.0,6.8,100,98,-0.820,5.140,2.110,0.000,0.400,below_cutoff,self_consumption,85,28,False
2026-05-10 12:00,summer,0.2,3.0,7.0,98,100,1.610,3.800,2.310,0.400,0.000,below_cutoff,self_consumption,85,27,False
2026-05-10 13:00,summer,2.3,3.0,6.8,100,94,-2.550,4.000,8.050,0.000,1.200,below_cutoff,self_consumption,100,28,False
2026-05-10 14:00,summer,0.6,3.0,6.3,94,95,3.430,4.060,4.210,0.200,0.000,below_cutoff,self_consumption,85,28,False
2026-05-10 15:00,summer,5.2,3.2,6.0,95,95,2.360,3.850,0.730,0.000,0.000,below_cutoff,self_consumption,100,28,False
2026-05-10 16:00,summer,1.6,3.2,5.8,95,100,0.850,2.970,2.170,1.000,0.000,below_cutoff,self_consumption,100,28,False
2026-05-10 17:00,summer,0.6,3.2,5.7,100,100,-4.650,1.900,1.910,0.000,0.000,below_cutoff,self_consumption,100,27,False
2026-05-10 18:00,summer,14.7,3.4,5.8,100,98,0.210,0.590,0.870,0.000,0.400,above_cutoff,self_consumption,30,28,False
2026-05-10 19:00,summer,6.2,3.4,5.8,98,94,0.320,0.070,1.240,0.000,0.800,above_cutoff,self_consumption,55,27,False
2026-05-10 20:00,summer,9.1,3.5,5.8,94,89,0.010,0.000,0.920,0.000,1.000,above_cutoff,self_consumption,44,28,False
2026-05-10 21:00,summer,3.8,3.2,5.7,89,88,1.370,0.000,1.390,0.000,0.200,below_cutoff,self_consumption,100,27,False
2026-05-10 22:00,summer,9.7,3.2,5.6,88,85,0.320,0.000,0.920,0.000,0.600,above_cutoff,self_consumption,38,28,False
2026-05-10 23:00,summer,5.7,3.2,6.5,85,84,1.320,0.000,1.460,0.000,0.200,below_cutoff,self_consumption,100,28,False
2026-05-11 00:00,summer,5.7,3.0,5.8,84,75,0.380,0.000,2.310,0.000,1.800,above_cutoff,self_consumption,50,27,False
2026-05-11 01:00,summer,2.1,2.8,5.8,75,72,1.610,0.000,2.140,0.000,0.600,below_cutoff,self_consumption,100,28,False
2026-05-11 02:00,summer,1.1,2.8,5.8,72,72,1.460,0.000,1.370,0.000,0.000,below_cutoff,self_consumption,100,28,False
2026-05-11 03:00,summer,0.4,2.8,5.8,72,72,0.730,0.000,0.640,0.000,0.000,below_cutoff,self_consumption,100,28,False
2026-05-11 04:00,summer,0.8,2.8,5.8,72,72,0.490,0.000,0.400,0.000,0.000,below_cutoff,self_consumption,100,28,False
2026-05-11 05:00,summer,2.3,2.7,5.7,72,72,0.560,0.000,0.470,0.000,0.000,below_cutoff,self_consumption,100,28,False
2026-05-11 06:00,summer,3.0,2.7,4.9,72,72,0.180,0.540,0.570,0.000,0.000,below_cutoff,self_consumption,100,27,False
2026-05-11 07:00,summer,9.5,2.9,4.9,73,76,0.040,1.710,0.840,0.600,0.000,above_cutoff,self_consumption,30,28,False
2026-05-11 08:00,summer,8.1,3.2,4.9,77,86,0.010,2.880,0.670,1.800,0.000,above_cutoff,self_consumption,44,28,False
2026-05-11 09:00,summer,4.0,3.5,5.3,87,95,-4.170,4.120,0.680,1.600,0.000,below_cutoff,self_consumption,100,28,False
2026-05-11 10:00,summer,3.4,3.6,5.8,95,100,3.620,4.960,0.640,1.000,0.000,below_cutoff,self_consumption,100,27,False
2026-05-11 11:00,summer,2.8,3.6,6.3,100,100,4.150,5.870,1.710,0.000,0.000,below_cutoff,self_consumption,100,28,False
2026-05-11 12:00,summer,3.3,3.6,6.5,100,100,3.870,5.840,1.990,0.000,0.000,below_cutoff,self_consumption,100,28,False
2026-05-11 13:00,summer,3.0,3.6,6.3,100,100,4.530,5.840,1.380,0.000,0.000,below_cutoff,self_consumption,100,28,False
2026-05-11 14:00,summer,2.9,3.6,5.8,100,100,4.760,5.710,0.980,0.000,0.000,below_cutoff,self_consumption,100,28,False
2026-05-11 15:00,summer,2.6,3.5,5.3,100,100,-17.680,4.750,4.170,0.000,0.000,below_cutoff,self_consumption,100,27,False
2026-05-11 16:00,summer,2.7,3.5,5.1,100,100,0.710,3.900,3.320,0.000,0.000,below_cutoff,self_consumption,100,27,False
2026-05-11 17:00,summer,2.8,3.5,5.0,100,100,0.040,2.420,1.480,0.000,0.000,below_cutoff,self_consumption,100,28,False
2026-05-11 18:00,summer,3.6,3.5,4.9,100,98,0.590,0.730,1.550,0.000,0.400,below_cutoff,self_consumption,100,28,False
2026-05-11 19:00,summer,6.1,3.3,4.8,98,96,0.480,0.070,1.020,0.000,0.400,above_cutoff,self_consumption,55,28,False
2026-05-11 20:00,summer,3.8,3.2,4.7,96,91,0.460,0.000,1.440,0.000,1.000,below_cutoff,self_consumption,100,28,False
2026-05-11 21:00,summer,2.7,3.2,4.7,91,91,1.640,0.000,1.560,0.000,0.000,below_cutoff,self_consumption,100,27,False
2026-05-11 22:00,summer,2.6,3.1,4.6,91,89,1.090,0.000,1.420,0.000,0.400,below_cutoff,self_consumption,100,28,False
2026-05-11 23:00,summer,7.8,3.2,5.5,89,87,0.320,0.000,0.890,0.000,0.400,above_cutoff,self_consumption,55,28,False
2026-05-12 00:00,summer,7.3,3.3,5.8,86,78,0.020,0.000,1.860,0.000,1.600,above_cutoff,self_consumption,50,27,False
2026-05-12 01:00,summer,1.1,3.3,5.9,78,76,1.750,0.000,1.910,0.000,0.400,below_cutoff,self_consumption,100,28,False
2026-05-12 02:00,summer,1.7,3.3,5.9,76,76,0.650,0.000,0.560,0.000,0.000,below_cutoff,self_consumption,100,28,False
2026-05-12 03:00,summer,0.8,3.3,5.9,76,76,0.440,0.000,0.460,0.000,0.000,below_cutoff,self_consumption,100,28,False
2026-05-12 04:00,summer,1.1,3.3,5.9,76,76,0.520,0.000,0.430,0.000,0.000,below_cutoff,self_consumption,100,28,False
2026-05-12 05:00,summer,10.7,3.4,6.0,76,75,0.360,0.000,0.480,0.000,0.200,above_cutoff,self_consumption,24,27,False
2026-05-12 06:00,summer,6.6,3.5,5.4,75,70,0.010,0.230,1.340,0.000,1.000,above_cutoff,self_consumption,45,28,False
2026-05-12 07:00,summer,1.5,3.3,5.4,69,68,0.890,1.030,1.900,0.000,0.200,below_cutoff,self_consumption,100,28,False
2026-05-12 08:00,summer,0.6,3.1,5.1,68,75,0.010,2.260,0.630,1.400,0.000,below_cutoff,self_consumption,100,28,False
2026-05-12 09:00,summer,1.4,3.0,5.0,75,84,0.030,2.750,0.620,1.800,0.000,below_cutoff,self_consumption,100,28,False
2026-05-12 10:00,summer,1.5,2.9,5.3,85,89,0.020,2.040,0.680,0.800,0.000,below_cutoff,self_consumption,100,27,False
2026-05-12 11:00,summer,1.0,2.9,5.8,89,90,0.010,1.400,0.720,0.200,0.000,below_cutoff,self_consumption,100,28,False
2026-05-12 12:00,summer,1.8,2.8,6.0,90,93,0.030,1.550,1.000,0.600,0.000,below_cutoff,self_consumption,100,28,False
2026-05-12 13:00,summer,1.4,2.8,5.7,93,94,0.140,1.100,0.840,0.200,0.000,below_cutoff,self_consumption,100,28,False
2026-05-12 14:00,summer,1.6,2.8,5.3,94,94,2.270,0.690,2.970,0.000,0.000,below_cutoff,self_consumption,100,28,False
2026-05-12 15:00,summer,2.0,2.8,4.8,94,94,3.480,0.740,4.130,0.000,0.000,below_cutoff,self_consumption,100,28,False
2026-05-12 16:00,summer,1.2,2.8,4.5,94,94,1.990,0.540,2.410,0.000,0.000,below_cutoff,self_consumption,100,28,False
2026-05-12 17:00,summer,1.4,2.7,4.4,94,94,1.090,0.330,1.350,0.000,0.000,below_cutoff,self_consumption,100,27,False
2026-05-12 18:00,summer,2.4,2.6,4.3,94,94,1.040,0.440,1.390,0.000,0.000,below_cutoff,self_consumption,100,28,False
2026-05-12 19:00,summer,11.4,2.6,4.3,94,89,0.260,0.100,1.280,0.000,1.000,above_cutoff,self_consumption,34,28,False
2026-05-12 20:00,summer,1.8,2.3,4.1,89,88,1.440,0.000,1.510,0.000,0.200,below_cutoff,self_consumption,100,28,False
2026-05-12 21:00,summer,1.8,2.1,4.0,88,88,0.890,0.000,0.810,0.000,0.000,below_cutoff,self_consumption,100,27,False
2026-05-12 22:00,summer,1.8,2.1,4.0,88,88,0.590,0.000,0.500,0.000,0.000,below_cutoff,self_consumption,100,28,False
2026-05-12 23:00,summer,1.6,1.9,4.7,88,88,0.680,0.000,0.590,0.000,0.000,below_cutoff,self_consumption,100,28,False
2026-05-13 00:00,summer,2.1,1.9,4.6,88,88,1.140,0.000,1.050,0.000,0.000,below_cutoff,self_consumption,100,28,False
2026-05-13 01:00,summer,1.0,1.8,4.6,88,88,1.170,0.000,1.080,0.000,0.000,below_cutoff,self_consumption,100,28,False
2026-05-13 02:00,summer,0.7,1.8,4.6,88,88,0.490,0.000,0.410,0.000,0.000,below_cutoff,self_consumption,100,28,False
2026-05-13 03:00,summer,0.8,1.8,4.6,88,88,0.630,0.000,0.540,0.000,0.000,below_cutoff,self_consumption,100,28,False
2026-05-13 04:00,summer,1.0,1.8,4.6,88,88,0.520,0.000,0.450,0.000,0.000,below_cutoff,self_consumption,100,27,False
2026-05-13 05:00,summer,2.6,1.8,4.6,88,88,0.640,0.000,0.560,0.000,0.000,below_cutoff,self_consumption,100,28,False
2026-05-13 06:00,summer,2.8,1.8,3.8,88,89,0.250,0.440,0.520,0.200,0.000,below_cutoff,self_consumption,100,28,False
2026-05-13 07:00,summer,1.9,1.9,3.8,89,91,0.060,1.360,0.750,0.400,0.000,below_cutoff,self_consumption,100,27,False
2026-05-13 08:00,summer,1.3,1.9,3.9,91,100,-4.320,2.310,0.690,1.800,0.000,below_cutoff,self_consumption,85,28,False
2026-05-13 09:00,summer,4.5,2.0,4.3,100,100,-2.250,3.740,1.640,0.000,0.000,above_cutoff,self_consumption,45,28,False
2026-05-13 10:00,summer,1.1,2.0,4.7,100,100,3.650,4.250,0.600,0.000,0.000,below_cutoff,self_consumption,85,27,False
2026-05-13 11:00,summer,2.6,2.1,5.3,100,100,2.110,3.310,1.240,0.000,0.000,below_cutoff,self_consumption,100,28,False
2026-05-13 12:00,summer,4.7,2.1,5.5,100,100,3.080,4.250,1.210,0.000,0.000,below_cutoff,self_consumption,100,28,False
2026-05-13 13:00,summer,7.3,2.2,5.3,100,100,2.490,3.550,1.120,0.000,0.000,above_cutoff,self_consumption,55,27,False
2026-05-13 14:00,summer,2.8,2.2,4.8,100,98,-8.940,2.810,2.380,0.000,0.400,below_cutoff,self_consumption,100,26,False
2026-05-13 15:00,summer,5.5,2.2,4.4,98,100,11.390,3.410,2.400,0.400,0.000,above_cutoff,self_consumption,55,28,False
2026-05-13 16:00,summer,1.6,2.2,4.2,100,100,1.040,2.120,1.120,0.000,0.000,below_cutoff,self_consumption,100,28,False
2026-05-13 17:00,summer,2.5,2.2,4.1,100,100,0.290,1.240,1.460,0.000,0.000,below_cutoff,self_consumption,100,28,False
2026-05-13 18:00,summer,4.1,2.3,4.1,100,100,0.720,0.620,1.240,0.000,0.000,below_cutoff,self_consumption,100,27,False
2026-05-13 19:00,summer,4.4,2.3,4.1,100,100,1.220,0.110,1.240,0.000,0.000,below_cutoff,self_consumption,100,28,False
2026-05-13 20:00,summer,5.2,2.4,4.2,100,96,0.350,0.000,1.020,0.000,0.800,above_cutoff,self_consumption,55,28,False
2026-05-13 21:00,summer,3.3,2.6,4.3,96,94,0.390,0.000,0.870,0.000,0.400,below_cutoff,self_consumption,100,28,False
2026-05-13 22:00,summer,3.2,2.7,4.4,94,91,1.010,0.000,1.640,0.000,0.600,below_cutoff,self_consumption,100,18,False
2026-05-13 23:00,summer,2.0,2.7,5.2,91,91,1.440,0.000,1.360,0.000,0.000,below_cutoff,self_consumption,100,28,False
2026-05-14 00:00,summer,7.5,2.8,5.2,91,87,0.380,0.000,1.220,0.000,0.800,above_cutoff,self_consumption,50,28,False
2026-05-14 01:00,summer,4.0,2.8,5.2,87,86,1.170,0.000,1.180,0.000,0.200,below_cutoff,self_consumption,100,28,False
2026-05-14 02:00,summer,2.2,2.8,5.2,86,86,1.390,0.000,1.310,0.000,0.000,below_cutoff,self_consumption,100,27,False
2026-05-14 03:00,summer,2.3,2.8,5.2,86,86,1.400,0.000,1.320,0.000,0.000,below_cutoff,self_consumption,100,28,False
2026-05-14 04:00,summer,2.7,2.8,5.2,86,86,1.440,0.000,1.350,0.000,0.000,below_cutoff,self_consumption,100,28,False
2026-05-14 05:00,summer,6.2,3.0,5.4,86,84,0.720,0.010,1.230,0.000,0.400,above_cutoff,self_consumption,45,28,False
2026-05-14 06:00,summer,6.3,3.2,4.8,84,82,0.320,0.160,0.860,0.000,0.400,above_cutoff,self_consumption,45,27,False
2026-05-14 07:00,summer,5.0,3.3,4.8,82,84,0.010,1.330,0.860,0.400,0.000,above_cutoff,self_consumption,45,28,False
2026-05-14 08:00,summer,10.2,3.5,5.0,84,89,0.010,2.690,1.040,1.000,0.000,above_cutoff,self_consumption,25,27,False
2026-05-14 09:00,summer,7.7,3.7,5.4,89,95,-5.960,4.070,1.480,1.200,0.000,above_cutoff,self_consumption,45,28,False
2026-05-14 10:00,summer,2.8,3.7,5.8,95,100,3.970,5.000,0.660,1.000,0.000,below_cutoff,self_consumption,100,28,False
2026-05-14 11:00,summer,2.8,3.7,6.3,100,100,4.820,5.560,0.790,0.000,0.000,below_cutoff,self_consumption,100,28,False
2026-05-14 12:00,summer,21.7,3.7,6.6,100,100,4.820,5.640,0.830,0.000,0.000,above_cutoff,self_consumption,18,27,False
2026-05-14 13:00,summer,4.6,3.7,6.4,100,100,4.820,5.860,1.030,0.000,0.000,below_cutoff,self_consumption,100,28,False
2026-05-14 14:00,summer,4.1,3.7,5.9,100,100,4.670,5.690,1.040,0.000,0.000,below_cutoff,self_consumption,100,28,False
2026-05-14 15:00,summer,2.8,3.7,5.5,100,100,3.860,4.680,0.810,0.000,0.000,below_cutoff,self_consumption,100,28,False
2026-05-14 16:00,summer,2.8,3.7,5.2,100,100,2.260,3.620,1.390,0.000,0.000,below_cutoff,self_consumption,100,28,False
2026-05-14 17:00,summer,2.5,3.7,5.1,100,100,1.470,2.660,1.180,0.000,0.000,below_cutoff,self_consumption,100,27,False
2026-05-14 18:00,summer,4.1,3.7,5.1,100,100,-25.270,0.840,1.400,0.000,0.000,below_cutoff,self_consumption,100,27,False
2026-05-14 19:00,summer,7.1,3.7,5.1,100,97,0.640,0.070,1.300,0.000,0.600,above_cutoff,self_consumption,55,29,False
2026-05-14 20:00,summer,4.3,3.7,5.1,96,92,0.030,0.000,0.900,0.000,0.800,below_cutoff,self_consumption,100,27,False
2026-05-14 21:00,summer,0.2,3.7,5.1,92,92,1.410,0.000,1.320,0.000,0.000,below_cutoff,self_consumption,100,26,False
2026-05-14 22:00,summer,0.7,3.7,5.1,92,92,1.340,0.000,1.260,0.000,0.000,below_cutoff,self_consumption,100,25,False
2026-05-14 23:00,summer,2.4,3.7,5.9,92,92,1.510,0.000,1.430,0.000,0.000,below_cutoff,self_consumption,100,27,False
2026-05-15 00:00,summer,3.6,3.7,5.9,92,92,1.460,0.000,1.380,0.000,0.000,below_cutoff,self_consumption,100,29,False
2026-05-15 01:00,summer,2.9,3.7,5.9,92,92,1.470,0.000,1.390,0.000,0.000,below_cutoff,self_consumption,100,28,False
2026-05-15 02:00,summer,1.9,3.7,5.9,92,92,1.420,0.000,1.340,0.000,0.000,below_cutoff,self_consumption,100,29,False
2026-05-15 03:00,summer,0.4,3.7,5.9,92,92,2.400,0.000,2.320,0.000,0.000,below_cutoff,self_consumption,100,30,False
2026-05-15 04:00,summer,1.8,3.7,5.9,92,92,7.960,0.000,7.880,0.000,0.000,below_cutoff,self_consumption,100,28,False
2026-05-15 05:00,summer,1.0,3.7,5.9,92,92,0.650,0.010,0.640,0.000,0.000,below_cutoff,self_consumption,100,27,False
2026-05-15 06:00,summer,1.8,3.4,4.9,92,92,0.300,0.230,0.430,0.000,0.000,below_cutoff,self_consumption,100,28,False
2026-05-15 07:00,summer,0.9,3.3,4.9,92,92,0.250,0.490,0.660,0.000,0.000,below_cutoff,self_consumption,100,29,False
2026-05-15 08:00,summer,0.6,3.1,4.8,92,92,0.140,0.510,0.540,0.000,0.000,below_cutoff,self_consumption,100,28,False
2026-05-15 09:00,summer,0.3,3.0,5.0,92,94,0.050,1.470,0.630,0.400,0.000,below_cutoff,self_consumption,100,28,False
2026-05-15 10:00,summer,1.6,3.0,5.4,94,95,-14.940,3.610,0.720,0.200,0.000,below_cutoff,self_consumption,85,28,False
2026-05-15 11:00,summer,1.2,3.0,5.9,95,100,3.430,5.630,2.000,1.000,0.000,below_cutoff,self_consumption,85,28,False
2026-05-15 12:00,summer,1.0,2.9,6.0,100,100,3.210,5.750,2.620,0.000,0.000,below_cutoff,self_consumption,85,29,False
2026-05-15 13:00,summer,1.5,2.8,5.7,100,100,4.330,5.620,1.290,0.000,0.000,below_cutoff,self_consumption,85,27,False
2026-05-15 14:00,summer,1.6,2.8,5.2,100,100,4.630,5.550,0.900,0.000,0.000,below_cutoff,self_consumption,85,30,False
2026-05-15 15:00,summer,1.4,2.7,4.7,100,100,-1.300,4.620,3.210,0.000,0.000,below_cutoff,self_consumption,100,28,False
2026-05-15 16:00,summer,2.5,2.7,4.5,100,100,4.220,3.540,2.150,0.000,0.000,below_cutoff,self_consumption,100,28,False
2026-05-15 17:00,summer,2.0,2.6,4.3,100,100,1.920,2.550,0.650,0.000,0.000,below_cutoff,self_consumption,100,29,False
2026-05-15 18:00,summer,2.5,2.5,4.2,100,100,-6.060,0.870,0.650,0.000,0.000,below_cutoff,self_consumption,100,28,False
2026-05-15 19:00,summer,4.9,2.4,4.2,100,100,0.610,0.090,0.770,0.000,0.000,above_cutoff,self_consumption,55,29,False
2026-05-15 20:00,summer,2.6,2.3,4.1,100,98,2.800,0.000,2.850,0.000,0.400,below_cutoff,self_consumption,100,27,False
2026-05-15 21:00,summer,1.1,2.2,4.0,98,98,4.580,0.000,4.500,0.000,0.000,below_cutoff,self_consumption,100,30,False
2026-05-15 22:00,summer,2.1,2.2,4.0,98,98,4.140,0.000,4.060,0.000,0.000,below_cutoff,self_consumption,100,29,False
2026-05-15 23:00,summer,1.5,2.1,4.7,98,98,2.690,0.000,2.600,0.000,0.000,below_cutoff,self_consumption,100,30,False
2026-05-16 00:00,summer,1.9,2.0,5.6,98,98,2.420,0.000,2.330,0.000,0.000,below_cutoff,self_consumption,100,29,False
2026-05-16 01:00,summer,1.9,1.9,5.5,98,98,2.420,0.000,2.330,0.000,0.000,below_cutoff,self_consumption,100,30,False
2026-05-16 02:00,summer,2.2,1.9,5.5,98,98,3.060,0.000,2.980,0.000,0.000,below_cutoff,self_consumption,100,29,False
2026-05-16 03:00,summer,2.0,2.0,5.6,98,98,3.720,0.000,3.640,0.000,0.000,below_cutoff,self_consumption,100,29,False
2026-05-16 04:00,summer,2.4,2.0,5.6,98,98,2.410,0.000,2.320,0.000,0.000,below_cutoff,self_consumption,100,29,False
2026-05-16 05:00,summer,2.0,2.0,5.5,98,98,1.740,0.020,1.680,0.000,0.000,below_cutoff,self_consumption,100,29,False
2026-05-16 06:00,summer,1.6,2.0,4.7,98,98,1.450,0.060,1.430,0.000,0.000,below_cutoff,self_consumption,100,30,False
2026-05-16 07:00,summer,1.6,2.0,4.8,98,98,1.270,0.220,1.410,0.000,0.000,below_cutoff,self_consumption,100,29,False
2026-05-16 08:00,summer,1.6,1.9,4.8,98,97,-19.260,1.830,1.550,0.000,0.200,below_cutoff,self_consumption,85,30,False
2026-05-16 09:00,summer,1.8,2.0,5.1,97,100,-18.060,3.780,2.020,0.600,0.000,below_cutoff,self_consumption,85,30,False
2026-05-16 10:00,summer,1.4,1.9,5.5,100,100,-15.810,4.430,2.170,0.000,0.000,below_cutoff,self_consumption,85,29,False
2026-05-16 11:00,summer,1.4,1.9,5.9,100,100,2.550,4.150,1.650,0.000,0.000,below_cutoff,self_consumption,85,29,False
2026-05-16 12:00,summer,0.8,1.9,6.2,100,98,13.080,4.510,2.350,0.000,0.400,below_cutoff,self_consumption,85,30,False
2026-05-16 13:00,summer,1.0,1.9,5.9,98,98,0.030,5.400,5.270,0.000,0.000,below_cutoff,self_consumption,85,29,False
2026-05-16 14:00,summer,2.1,2.0,5.5,98,100,-8.930,5.440,3.600,0.400,0.000,below_cutoff,self_consumption,100,30,False
2026-05-16 15:00,summer,7.7,2.0,5.1,100,100,9.580,3.420,3.490,0.000,0.000,above_cutoff,self_consumption,55,29,False
2026-05-16 16:00,summer,18.7,2.1,5.0,100,96,0.550,2.700,3.320,0.000,0.800,above_cutoff,self_consumption,26,30,False
2026-05-16 17:00,summer,12.5,2.2,5.0,96,95,1.370,2.340,3.700,0.000,0.200,above_cutoff,self_consumption,33,30,False
2026-05-16 18:00,summer,3.5,2.2,4.9,95,95,2.030,0.510,2.440,0.000,0.000,below_cutoff,self_consumption,100,29,False
2026-05-16 19:00,summer,4.5,2.2,4.9,95,95,4.200,0.130,4.240,0.000,0.000,below_cutoff,self_consumption,100,30,False
2026-05-16 20:00,summer,3.8,2.3,5.0,95,95,3.290,0.000,3.210,0.000,0.000,below_cutoff,self_consumption,100,29,False
2026-05-16 21:00,summer,11.0,2.4,5.1,95,86,0.960,0.000,2.850,0.000,1.800,above_cutoff,self_consumption,34,30,False
2026-05-16 22:00,summer,3.2,2.5,5.2,86,85,1.430,0.000,1.560,0.000,0.200,below_cutoff,self_consumption,100,29,False
2026-05-16 23:00,summer,2.6,2.5,6.0,85,85,2.740,0.000,2.650,0.000,0.000,below_cutoff,self_consumption,100,30,False
2026-05-17 00:00,summer,2.2,2.5,6.0,85,85,2.980,0.000,2.890,0.000,0.000,below_cutoff,self_consumption,100,29,False
2026-05-17 01:00,summer,2.0,2.5,6.0,85,85,1.290,0.000,1.210,0.000,0.000,below_cutoff,self_consumption,100,30,False
2026-05-17 02:00,summer,1.8,2.5,6.0,85,85,3.450,0.000,3.370,0.000,0.000,below_cutoff,self_consumption,100,29,False
2026-05-17 03:00,summer,1.6,2.5,6.0,85,85,1.270,0.000,1.180,0.000,0.000,below_cutoff,self_consumption,100,29,False
2026-05-17 04:00,summer,1.3,2.5,6.0,85,85,0.510,0.000,0.430,0.000,0.000,below_cutoff,self_consumption,100,30,False
2026-05-17 05:00,summer,0.7,2.5,6.0,85,85,0.570,0.010,0.500,0.000,0.000,below_cutoff,self_consumption,100,29,False
2026-05-17 06:00,summer,0.5,2.5,5.2,85,85,0.260,0.420,0.580,0.000,0.000,below_cutoff,self_consumption,100,30,False
2026-05-17 07:00,summer,0.8,2.5,5.2,85,86,0.040,1.180,0.680,0.200,0.000,below_cutoff,self_consumption,100,29,False
2026-05-17 08:00,summer,1.8,2.5,5.3,86,88,0.200,2.100,1.870,0.400,0.000,below_cutoff,self_consumption,100,30,False
2026-05-17 09:00,summer,2.0,2.5,5.5,88,90,-10.920,2.450,2.030,0.400,0.000,below_cutoff,self_consumption,100,30,False
2026-05-17 10:00,summer,1.7,2.5,6.0,90,95,1.390,3.580,0.750,1.000,0.000,below_cutoff,self_consumption,85,30,False
2026-05-17 11:00,summer,1.7,2.5,6.4,95,100,1.800,3.820,1.410,1.000,0.000,below_cutoff,self_consumption,85,29,False
2026-05-17 12:00,summer,2.9,2.6,6.7,100,100,1.860,3.360,1.550,0.000,0.000,below_cutoff,self_consumption,100,29,False
2026-05-17 13:00,summer,1.2,2.6,6.5,100,98,1.210,4.390,3.360,0.000,0.400,below_cutoff,self_consumption,85,30,False
2026-05-17 14:00,summer,1.7,2.6,6.0,98,95,-4.420,3.390,3.670,0.000,0.600,below_cutoff,self_consumption,85,29,False
2026-05-17 15:00,summer,3.9,2.6,5.6,95,95,1.100,2.540,0.880,0.000,0.000,below_cutoff,self_consumption,100,30,False
2026-05-17 16:00,summer,3.1,2.5,5.3,95,100,0.510,2.560,2.850,1.000,0.000,below_cutoff,self_consumption,100,29,False
2026-05-17 17:00,summer,17.3,2.4,5.1,100,94,1.840,1.600,4.600,0.000,1.200,above_cutoff,self_consumption,28,30,False
2026-05-17 18:00,summer,6.7,2.3,5.0,94,89,1.490,0.960,3.530,0.000,1.000,above_cutoff,self_consumption,55,29,False
2026-05-17 19:00,summer,2.4,2.2,5.0,88,87,4.840,0.320,5.160,0.000,0.200,below_cutoff,self_consumption,100,30,False
2026-05-17 20:00,summer,12.3,2.2,5.3,87,76,0.820,0.010,3.210,0.000,2.200,above_cutoff,self_consumption,33,29,False
2026-05-17 21:00,summer,2.6,2.2,5.4,76,72,1.770,0.000,2.390,0.000,0.800,below_cutoff,self_consumption,100,30,False
2026-05-17 22:00,summer,1.4,2.1,5.3,72,72,4.240,0.000,4.150,0.000,0.000,below_cutoff,self_consumption,100,29,False
2026-05-17 23:00,summer,3.1,2.1,6.1,72,72,4.640,0.000,4.560,0.000,0.000,below_cutoff,self_consumption,100,29,False
2026-05-18 00:00,summer,2.4,2.1,5.2,72,72,2.790,0.000,2.700,0.000,0.000,below_cutoff,self_consumption,100,30,False
2026-05-18 01:00,summer,1.2,2.1,5.2,72,72,1.530,0.000,1.440,0.000,0.000,below_cutoff,self_consumption,100,29,False
2026-05-18 02:00,summer,-0.0,2.1,5.2,72,72,4.170,0.000,4.080,0.000,0.000,below_cutoff,self_consumption,100,30,False
2026-05-18 03:00,summer,0.3,2.1,5.3,72,72,2.510,0.000,2.420,0.000,0.000,below_cutoff,self_consumption,100,29,False
2026-05-18 04:00,summer,1.8,2.2,5.3,72,72,1.450,0.000,1.360,0.000,0.000,below_cutoff,self_consumption,100,29,False
2026-05-18 05:00,summer,3.4,2.3,5.4,72,72,1.430,0.010,1.350,0.000,0.000,below_cutoff,self_consumption,100,29,False
2026-05-18 06:00,summer,2.4,2.4,4.7,72,72,1.250,0.210,1.370,0.000,0.000,below_cutoff,self_consumption,100,29,False
2026-05-18 07:00,summer,2.8,2.5,4.7,72,72,1.270,0.310,1.490,0.000,0.000,below_cutoff,self_consumption,100,29,False
2026-05-18 08:00,summer,3.2,2.5,4.8,72,74,0.080,1.970,1.580,0.400,0.000,below_cutoff,self_consumption,100,30,False
2026-05-18 09:00,summer,4.6,2.7,5.1,74,75,0.040,1.830,1.580,0.200,0.000,below_cutoff,self_consumption,100,29,False
2026-05-18 10:00,summer,98.2,2.8,6.0,75,74,0.610,0.430,1.240,0.000,0.200,above_cutoff,self_consumption,5,29,False
2026-05-18 11:00,summer,3.9,2.9,6.6,74,73,1.000,0.340,1.310,0.000,0.200,below_cutoff,self_consumption,100,29,False
2026-05-18 12:00,summer,1.8,2.9,6.7,73,77,0.060,2.220,1.390,0.800,0.000,below_cutoff,self_consumption,100,29,False
2026-05-18 13:00,summer,6.4,2.9,6.2,78,92,-18.100,5.240,1.350,2.800,0.000,above_cutoff,self_consumption,55,30,False
2026-05-18 14:00,summer,9.7,3.2,5.9,92,95,0.470,4.020,2.650,0.600,0.000,above_cutoff,self_consumption,38,29,False
2026-05-18 15:00,summer,13.6,3.3,5.5,95,95,0.370,3.740,3.090,0.000,0.000,above_cutoff,self_consumption,31,29,False
2026-05-18 16:00,summer,13.7,3.8,5.6,95,91,17.110,2.200,2.280,0.000,0.800,above_cutoff,self_consumption,31,29,False
2026-05-18 17:00,summer,11.5,4.1,5.7,92,88,0.010,1.300,1.880,0.000,0.800,above_cutoff,self_consumption,33,30,False
2026-05-18 18:00,summer,7.4,4.4,6.0,88,81,0.020,0.660,2.070,0.000,1.400,above_cutoff,self_consumption,55,29,False
2026-05-18 19:00,summer,5.4,4.7,6.5,81,73,1.640,0.150,3.260,0.000,1.600,below_cutoff,self_consumption,100,29,False
2026-05-18 20:00,summer,4.9,4.7,6.5,73,73,2.000,0.000,1.920,0.000,0.000,below_cutoff,self_consumption,100,29,False
2026-05-18 21:00,summer,3.9,4.7,6.5,73,73,4.350,0.000,4.260,0.000,0.000,below_cutoff,self_consumption,100,30,False
2026-05-18 22:00,summer,3.4,4.7,6.5,73,73,2.490,0.000,2.400,0.000,0.000,below_cutoff,self_consumption,100,29,False
2026-05-18 23:00,summer,0.5,4.7,7.3,73,73,2.420,0.000,2.330,0.000,0.000,below_cutoff,self_consumption,100,30,False
2026-05-19 00:00,summer,1.1,4.7,7.3,73,73,4.020,0.000,3.930,0.000,0.000,below_cutoff,self_consumption,100,29,False
2026-05-19 01:00,summer,-1.1,4.7,7.3,73,73,4.100,0.000,4.010,0.000,0.000,below_cutoff,self_consumption,100,29,False
2026-05-19 02:00,summer,-0.1,4.7,7.3,73,73,4.660,0.000,4.560,0.000,0.000,below_cutoff,self_consumption,100,30,False
2026-05-19 03:00,summer,-0.1,4.7,7.3,73,73,1.810,0.000,1.720,0.000,0.000,below_cutoff,self_consumption,100,29,False
2026-05-19 04:00,summer,-1.2,4.7,7.3,73,73,1.420,0.000,1.330,0.000,0.000,below_cutoff,self_consumption,100,30,False
2026-05-19 05:00,summer,-0.9,4.7,7.3,73,73,1.460,0.000,1.380,0.000,0.000,below_cutoff,self_consumption,100,29,False
2026-05-19 06:00,summer,-0.2,4.7,6.5,73,73,1.330,0.140,1.380,0.000,0.000,below_cutoff,self_consumption,100,29,False
2026-05-19 07:00,summer,1.7,4.7,6.5,73,73,0.910,0.710,1.540,0.000,0.000,below_cutoff,self_consumption,100,30,False
2026-05-19 08:00,summer,1.4,4.7,6.5,73,75,20.690,1.870,1.480,0.400,0.000,below_cutoff,self_consumption,100,29,False
2026-05-19 09:00,summer,0.5,4.6,6.6,75,78,0.040,2.170,1.640,0.600,0.000,below_cutoff,self_consumption,100,30,False
2026-05-19 10:00,summer,2.1,4.3,6.3,78,90,-20.340,3.950,1.180,2.400,0.000,below_cutoff,self_consumption,100,29,False
2026-05-19 11:00,summer,3.2,4.3,6.8,90,95,1.520,4.040,1.180,1.000,0.000,below_cutoff,self_consumption,100,30,False
2026-05-19 12:00,summer,5.1,4.4,7.1,95,95,1.740,3.810,1.610,0.000,0.000,below_cutoff,self_consumption,100,29,False
2026-05-19 13:00,summer,10.6,4.5,7.0,95,100,-16.110,3.290,2.450,1.000,0.000,above_cutoff,self_consumption,34,30,False
2026-05-19 14:00,summer,21.9,4.5,6.5,100,100,2.500,3.370,0.860,0.000,0.000,above_cutoff,self_consumption,23,29,False
2026-05-19 15:00,summer,10.2,4.6,6.1,100,100,13.650,1.230,0.850,0.000,0.000,above_cutoff,self_consumption,35,30,False
2026-05-19 16:00,summer,2.2,4.1,5.5,100,98,1.720,0.820,2.510,0.000,0.400,below_cutoff,self_consumption,100,29,False
2026-05-19 17:00,summer,4.4,3.6,5.1,98,98,1.590,1.180,2.620,0.000,0.000,below_cutoff,self_consumption,100,30,False
2026-05-19 18:00,summer,1.8,3.2,4.8,98,97,3.310,0.750,4.230,0.000,0.200,below_cutoff,self_consumption,100,29,False
2026-05-19 19:00,summer,-0.3,2.9,4.6,97,97,1.930,0.100,1.950,0.000,0.000,below_cutoff,self_consumption,100,30,False
2026-05-19 20:00,summer,2.4,2.6,4.4,97,97,1.840,0.000,1.760,0.000,0.000,below_cutoff,self_consumption,100,29,False
2026-05-19 21:00,summer,2.9,2.5,4.3,97,95,1.310,0.000,1.610,0.000,0.400,below_cutoff,self_consumption,100,30,False
2026-05-19 22:00,summer,3.3,2.5,4.3,95,95,1.500,0.000,1.420,0.000,0.000,below_cutoff,self_consumption,100,29,False
2026-05-19 23:00,summer,3.9,2.9,5.4,95,95,1.190,0.000,1.260,0.000,0.000,below_cutoff,self_consumption,100,29,False
2026-05-20 00:00,summer,3.4,3.1,5.5,95,95,1.480,0.000,1.390,0.000,0.000,below_cutoff,self_consumption,100,30,False
2026-05-20 01:00,summer,2.6,3.1,5.5,95,95,1.490,0.000,1.400,0.000,0.000,below_cutoff,self_consumption,100,29,False
2026-05-20 02:00,summer,2.6,3.1,5.5,95,95,1.510,0.000,1.420,0.000,0.000,below_cutoff,self_consumption,100,30,False
2026-05-20 03:00,summer,1.5,3.1,5.5,95,95,1.460,0.000,1.370,0.000,0.000,below_cutoff,self_consumption,100,29,False
2026-05-20 04:00,summer,3.2,3.2,5.6,95,93,1.150,0.000,1.400,0.000,0.400,below_cutoff,self_consumption,100,30,False
2026-05-20 05:00,summer,3.7,3.4,5.7,93,93,1.420,0.020,1.350,0.000,0.000,below_cutoff,self_consumption,100,29,False
2026-05-20 06:00,summer,3.3,3.4,4.9,93,93,0.250,0.450,0.600,0.000,0.000,below_cutoff,self_consumption,100,30,False
2026-05-20 07:00,summer,2.8,3.4,4.9,93,95,-8.900,1.360,0.690,0.400,0.000,below_cutoff,self_consumption,100,30,False
2026-05-20 08:00,summer,3.5,3.5,5.1,95,95,1.150,2.480,0.570,0.000,0.000,below_cutoff,self_consumption,100,29,False
2026-05-20 09:00,summer,5.2,3.5,5.3,95,100,2.300,3.190,0.570,1.000,0.000,above_cutoff,self_consumption,45,30,False
2026-05-20 10:00,summer,3.0,3.5,5.8,100,100,3.080,3.790,0.690,0.000,0.000,below_cutoff,self_consumption,100,29,False
2026-05-20 11:00,summer,3.7,3.5,6.2,100,100,3.280,4.590,1.360,0.000,0.000,below_cutoff,self_consumption,100,30,False
2026-05-20 12:00,summer,13.9,3.5,6.5,100,100,2.940,4.170,1.220,0.000,0.000,above_cutoff,self_consumption,26,29,False
2026-05-20 13:00,summer,4.2,3.5,6.3,100,100,3.880,5.500,1.650,0.000,0.000,below_cutoff,self_consumption,100,30,False
2026-05-20 14:00,summer,1.9,3.3,5.6,100,100,4.160,5.680,1.590,0.000,0.000,below_cutoff,self_consumption,85,29,False
2026-05-20 15:00,summer,1.0,3.2,5.1,100,100,-12.680,5.020,2.940,0.000,0.000,below_cutoff,self_consumption,100,30,False
2026-05-20 16:00,summer,1.7,3.2,4.8,100,100,15.380,3.870,3.480,0.000,0.000,below_cutoff,self_consumption,100,29,False
2026-05-20 17:00,summer,0.9,3.2,4.8,100,100,2.310,2.950,0.660,0.000,0.000,below_cutoff,self_consumption,100,30,False
2026-05-20 18:00,summer,1.5,3.2,4.7,100,100,-17.170,0.940,0.830,0.000,0.000,below_cutoff,self_consumption,100,29,False
2026-05-20 19:00,summer,2.2,3.2,4.7,100,100,1.850,0.100,1.860,0.000,0.000,below_cutoff,self_consumption,100,30,False
2026-05-20 20:00,summer,2.4,3.2,4.7,100,100,1.820,0.000,1.730,0.000,0.000,below_cutoff,self_consumption,100,30,False
2026-05-20 21:00,summer,2.3,3.1,4.7,100,98,1.870,0.000,2.040,0.000,0.400,below_cutoff,self_consumption,100,29,False
2026-05-20 22:00,summer,2.1,3.1,4.7,98,98,2.510,0.000,2.420,0.000,0.000,below_cutoff,self_consumption,100,30,False
2026-05-20 23:00,summer,2.6,3.0,5.4,98,98,2.330,0.000,2.240,0.000,0.000,below_cutoff,self_consumption,100,29,False
2026-05-21 00:00,summer,2.9,2.9,5.3,98,98,2.310,0.000,2.220,0.000,0.000,below_cutoff,self_consumption,100,30,False
2026-05-21 01:00,summer,2.8,2.9,5.3,98,98,2.260,0.000,2.180,0.000,0.000,below_cutoff,self_consumption,100,29,False
2026-05-21 02:00,summer,2.6,2.9,5.3,98,98,3.010,0.000,2.920,0.000,0.000,below_cutoff,self_consumption,100,30,False
2026-05-21 03:00,summer,2.8,2.9,5.3,98,98,2.950,0.000,2.860,0.000,0.000,below_cutoff,self_consumption,100,29,False
2026-05-21 04:00,summer,2.8,2.9,5.3,98,98,1.190,0.000,1.120,0.000,0.000,below_cutoff,self_consumption,100,25,False
2026-05-21 06:00,summer,3.1,2.8,4.5,98,98,0.110,0.160,0.230,0.000,0.000,below_cutoff,self_consumption,100,13,False
2026-05-21 07:00,summer,2.1,2.8,4.5,98,98,-14.180,1.330,0.760,0.000,0.000,below_cutoff,self_consumption,100,28,False
2026-05-21 08:00,summer,1.2,2.8,4.6,98,100,0.620,1.640,0.860,0.400,0.000,below_cutoff,self_consumption,85,29,False
2026-05-21 09:00,summer,0.8,2.7,4.7,100,100,2.210,2.940,0.710,0.000,0.000,below_cutoff,self_consumption,85,30,False
2026-05-21 10:00,summer,1.1,2.7,5.2,100,100,2.900,3.620,0.700,0.000,0.000,below_cutoff,self_consumption,85,29,False
2026-05-21 11:00,summer,0.9,2.7,5.7,100,100,3.740,4.420,0.660,0.000,0.000,below_cutoff,self_consumption,85,29,False
2026-05-21 12:00,summer,1.7,2.7,5.8,100,100,1.520,3.010,1.500,0.000,0.000,below_cutoff,self_consumption,85,30,False
2026-05-21 13:00,summer,1.1,2.7,5.6,100,100,1.800,3.310,1.590,0.000,0.000,below_cutoff,self_consumption,85,29,False
2026-05-21 14:00,summer,1.4,2.7,5.1,100,100,4.070,5.170,1.110,0.000,0.000,below_cutoff,self_consumption,85,30,False
2026-05-21 15:00,summer,0.8,2.7,4.6,100,100,3.510,4.470,0.950,0.000,0.000,below_cutoff,self_consumption,100,29,False
2026-05-21 16:00,summer,2.7,2.7,4.4,100,100,1.660,3.720,2.080,0.000,0.000,below_cutoff,self_consumption,100,30,False
2026-05-21 17:00,summer,1.6,2.7,4.3,100,100,-8.700,2.710,1.940,0.000,0.000,below_cutoff,self_consumption,100,29,False
2026-05-21 18:00,summer,3.0,2.7,4.3,100,100,0.260,0.960,1.130,0.000,0.000,below_cutoff,self_consumption,100,30,False
2026-05-21 19:00,summer,2.6,2.7,4.3,100,100,1.190,0.220,1.320,0.000,0.000,below_cutoff,self_consumption,100,30,False
2026-05-21 20:00,summer,2.7,2.7,4.3,100,100,1.590,0.000,1.500,0.000,0.000,below_cutoff,self_consumption,100,29,False
2026-05-21 21:00,summer,2.0,2.6,4.2,100,100,1.430,0.000,1.350,0.000,0.000,below_cutoff,self_consumption,100,30,False
2026-05-21 22:00,summer,2.7,2.7,4.3,100,100,1.500,0.000,1.420,0.000,0.000,below_cutoff,self_consumption,100,29,False
2026-05-21 23:00,summer,4.5,2.7,5.1,100,100,1.710,0.000,1.620,0.000,0.000,below_cutoff,self_consumption,100,30,False
2026-05-22 00:00,summer,3.2,2.6,5.0,100,100,2.210,0.000,2.120,0.000,0.000,below_cutoff,self_consumption,100,30,False
2026-05-22 01:00,summer,1.9,2.5,5.0,100,100,2.270,0.000,2.190,0.000,0.000,below_cutoff,self_consumption,100,29,False
2026-05-22 02:00,summer,1.9,2.5,5.0,100,100,1.570,0.000,1.480,0.000,0.000,below_cutoff,self_consumption,100,30,False
2026-05-22 03:00,summer,2.4,2.4,4.9,100,100,1.370,0.000,1.280,0.000,0.000,below_cutoff,self_consumption,100,29,False
2026-05-22 04:00,summer,2.5,2.3,4.9,100,100,1.440,0.000,1.350,0.000,0.000,below_cutoff,self_consumption,100,30,False
2026-05-22 05:00,summer,4.1,2.3,4.8,100,97,0.910,0.000,1.340,0.000,0.600,below_cutoff,self_consumption,100,30,False
2026-05-22 06:00,summer,2.1,2.2,4.0,97,97,1.490,0.130,1.530,0.000,0.000,below_cutoff,self_consumption,100,29,False
2026-05-22 07:00,summer,3.0,2.2,4.0,97,95,-11.720,0.730,2.500,0.000,0.400,below_cutoff,self_consumption,100,30,False
2026-05-22 08:00,summer,2.7,2.3,4.1,95,96,-12.840,1.710,0.780,0.200,0.000,below_cutoff,self_consumption,100,29,False
2026-05-22 09:00,summer,2.7,2.4,4.5,96,100,0.920,2.250,0.780,0.800,0.000,below_cutoff,self_consumption,100,30,False
2026-05-22 10:00,summer,3.2,2.5,5.0,100,100,3.510,4.340,0.800,0.000,0.000,below_cutoff,self_consumption,100,29,False
2026-05-22 11:00,summer,3.1,2.5,5.4,100,100,3.720,4.580,0.850,0.000,0.000,below_cutoff,self_consumption,100,30,False
2026-05-22 12:00,summer,2.6,2.6,5.7,100,100,4.000,5.170,1.200,0.000,0.000,below_cutoff,self_consumption,100,29,False
2026-05-22 13:00,summer,2.5,2.6,5.5,100,100,3.480,5.580,2.170,0.000,0.000,below_cutoff,self_consumption,100,30,False
2026-05-22 14:00,summer,6.0,2.6,5.0,100,100,3.460,4.750,1.290,0.000,0.000,above_cutoff,self_consumption,55,29,False
2026-05-22 15:00,summer,3.6,2.7,4.7,100,100,2.500,3.950,1.460,0.000,0.000,below_cutoff,self_consumption,100,29,False
2026-05-22 16:00,summer,4.1,2.7,4.4,100,100,1.940,2.720,0.810,0.000,0.000,above_cutoff,self_consumption,55,30,False
2026-05-22 17:00,summer,2.6,2.7,4.3,100,100,-11.740,1.200,0.680,0.000,0.000,below_cutoff,self_consumption,100,29,False
2026-05-22 18:00,summer,2.6,2.7,4.3,100,100,0.110,0.530,0.550,0.000,0.000,below_cutoff,self_consumption,100,30,False
2026-05-22 19:00,summer,3.3,2.7,4.3,100,100,0.490,0.090,0.490,0.000,0.000,below_cutoff,self_consumption,100,29,False
2026-05-22 20:00,summer,3.2,2.8,4.4,100,100,0.570,0.000,0.490,0.000,0.000,below_cutoff,self_consumption,100,30,False
2026-05-22 21:00,summer,2.5,2.8,4.4,100,100,1.420,0.000,1.320,0.000,0.000,below_cutoff,self_consumption,100,30,False
2026-05-22 22:00,summer,2.5,2.8,4.4,100,100,2.150,0.000,2.060,0.000,0.000,below_cutoff,self_consumption,100,29,False
2026-05-22 23:00,summer,2.0,2.8,5.2,100,100,2.490,0.000,2.400,0.000,0.000,below_cutoff,self_consumption,100,30,False
2026-05-23 00:00,summer,3.4,2.8,6.1,100,100,2.240,0.000,2.160,0.000,0.000,below_cutoff,self_consumption,100,29,False
2026-05-23 01:00,summer,2.1,2.8,6.1,100,100,2.410,0.000,2.330,0.000,0.000,below_cutoff,self_consumption,100,30,False
2026-05-23 02:00,summer,2.2,2.8,6.1,100,100,2.420,0.000,2.320,0.000,0.000,below_cutoff,self_consumption,100,30,False
2026-05-23 03:00,summer,2.5,2.8,6.1,100,100,2.360,0.000,2.270,0.000,0.000,below_cutoff,self_consumption,100,29,False
2026-05-23 04:00,summer,2.4,2.8,6.1,100,100,2.410,0.000,2.320,0.000,0.000,below_cutoff,self_consumption,100,30,False
2026-05-23 05:00,summer,2.2,2.8,6.1,100,100,1.400,0.000,1.320,0.000,0.000,below_cutoff,self_consumption,100,29,False
2026-05-23 06:00,summer,2.5,2.8,5.3,100,100,1.370,0.140,1.430,0.000,0.000,below_cutoff,self_consumption,100,30,False
2026-05-23 07:00,summer,3.5,2.8,5.3,100,100,1.040,0.410,1.370,0.000,0.000,below_cutoff,self_consumption,100,29,False
2026-05-23 08:00,summer,3.3,2.8,5.4,100,98,0.480,0.930,1.310,0.000,0.400,below_cutoff,self_consumption,100,29,False
2026-05-23 09:00,summer,3.4,2.9,5.7,98,98,0.200,1.680,1.670,0.000,0.000,below_cutoff,self_consumption,100,30,False
2026-05-23 10:00,summer,3.6,2.8,6.1,98,100,-15.830,2.950,1.690,0.400,0.000,below_cutoff,self_consumption,100,29,False
2026-05-23 11:00,summer,2.4,2.8,6.5,100,100,3.040,5.040,2.070,0.000,0.000,below_cutoff,self_consumption,100,30,False
2026-05-23 12:00,summer,26.2,2.8,6.9,100,100,3.290,5.140,1.840,0.000,0.000,above_cutoff,self_consumption,14,29,False
2026-05-23 13:00,summer,2.6,2.8,6.7,100,100,3.170,5.640,2.480,0.000,0.000,below_cutoff,self_consumption,100,30,False
2026-05-23 14:00,summer,2.9,2.8,6.2,100,100,1.900,5.440,3.630,0.000,0.000,below_cutoff,self_consumption,100,30,False
2026-05-23 15:00,summer,27.2,2.8,5.8,100,100,1.200,4.440,3.250,0.000,0.000,above_cutoff,self_consumption,18,29,False
2026-05-23 16:00,summer,4.2,2.8,5.6,100,100,1.470,3.580,2.170,0.000,0.000,below_cutoff,self_consumption,100,29,False
2026-05-23 17:00,summer,3.2,2.9,5.5,100,100,1.280,2.740,2.000,0.000,0.000,below_cutoff,self_consumption,100,30,False
2026-05-23 18:00,summer,3.2,2.9,5.5,100,100,0.740,0.970,1.630,0.000,0.000,below_cutoff,self_consumption,100,30,False
2026-05-23 19:00,summer,3.8,3.0,5.6,100,100,1.000,0.260,1.180,0.000,0.000,below_cutoff,self_consumption,100,29,False
2026-05-23 20:00,summer,4.1,3.1,5.6,100,100,1.330,0.000,1.310,0.000,0.000,below_cutoff,self_consumption,100,30,False
2026-05-23 21:00,summer,3.2,3.2,5.7,100,100,1.680,0.000,1.600,0.000,0.000,below_cutoff,self_consumption,100,29,False
2026-05-23 22:00,summer,2.8,3.2,5.7,100,100,1.660,0.000,1.570,0.000,0.000,below_cutoff,self_consumption,100,30,False
2026-05-23 23:00,summer,2.3,3.2,6.5,100,100,1.470,0.000,1.390,0.000,0.000,below_cutoff,self_consumption,100,29,False
2026-05-24 00:00,summer,2.3,3.2,6.5,100,100,1.400,0.000,1.320,0.000,0.000,below_cutoff,self_consumption,100,29,False
2026-05-24 01:00,summer,1.8,3.2,6.5,100,100,1.420,0.000,1.330,0.000,0.000,below_cutoff,self_consumption,100,30,False
2026-05-24 02:00,summer,1.8,3.2,6.5,100,100,1.410,0.000,1.330,0.000,0.000,below_cutoff,self_consumption,100,28,False
2026-05-24 03:00,summer,1.7,3.2,6.5,100,100,1.430,0.000,1.330,0.000,0.000,below_cutoff,self_consumption,100,30,False
2026-05-24 04:00,summer,1.6,3.2,6.5,100,100,1.160,0.000,1.080,0.000,0.000,below_cutoff,self_consumption,100,29,False
2026-05-24 05:00,summer,1.4,3.2,6.5,100,100,0.600,0.000,0.520,0.000,0.000,below_cutoff,self_consumption,100,29,False
2026-05-24 06:00,summer,0.6,3.2,5.7,100,100,0.690,0.000,0.600,0.000,0.000,below_cutoff,self_consumption,100,30,False
2026-05-24 07:00,summer,1.2,3.1,5.7,100,100,2.180,0.090,2.170,0.000,0.000,below_cutoff,self_consumption,100,29,False
2026-05-24 08:00,summer,2.8,3.1,5.8,100,98,0.400,0.380,0.990,0.000,0.400,below_cutoff,self_consumption,100,30,False
2026-05-24 09:00,summer,1.7,3.0,5.9,98,98,0.010,0.960,0.620,0.000,0.000,below_cutoff,self_consumption,85,29,False
2026-05-24 10:00,summer,0.9,3.0,6.4,98,100,-10.750,1.330,0.550,0.400,0.000,below_cutoff,self_consumption,85,30,False
2026-05-24 11:00,summer,-0.1,3.0,6.9,100,100,2.850,3.560,0.720,0.000,0.000,below_cutoff,self_consumption,85,29,False
2026-05-24 12:00,summer,1.5,2.9,7.0,100,100,3.790,4.600,0.780,0.000,0.000,below_cutoff,self_consumption,85,30,False
2026-05-24 13:00,summer,1.9,2.9,6.8,100,100,1.540,5.170,4.220,0.000,0.000,below_cutoff,self_consumption,85,29,False
2026-05-24 14:00,summer,2.0,2.9,6.3,100,100,2.890,5.570,5.350,0.000,0.000,below_cutoff,self_consumption,100,30,False
2026-05-24 15:00,summer,2.4,2.8,5.6,100,100,-1.710,4.580,3.780,0.000,0.000,below_cutoff,self_consumption,100,30,False
2026-05-24 16:00,summer,2.8,2.6,5.3,100,100,2.130,3.470,3.600,0.000,0.000,below_cutoff,self_consumption,100,29,False
2026-05-24 17:00,summer,2.9,2.6,5.2,100,100,0.540,2.650,2.300,0.000,0.000,below_cutoff,self_consumption,100,30,False
2026-05-24 18:00,summer,3.4,2.6,5.2,100,100,0.950,0.820,1.710,0.000,0.000,below_cutoff,self_consumption,100,29,False
2026-05-24 19:00,summer,4.0,2.6,5.2,100,95,2.560,0.130,3.410,0.000,1.000,below_cutoff,self_consumption,100,30,False
2026-05-24 20:00,summer,3.2,2.6,5.2,95,95,3.180,0.000,3.100,0.000,0.000,below_cutoff,self_consumption,100,29,False
2026-05-24 21:00,summer,2.6,2.6,5.2,95,95,2.160,0.000,2.080,0.000,0.000,below_cutoff,self_consumption,100,30,False
2026-05-24 22:00,summer,2.2,2.5,5.1,95,95,1.040,0.000,0.960,0.000,0.000,below_cutoff,self_consumption,100,30,False
2026-05-24 23:00,summer,2.0,2.4,5.8,95,95,0.690,0.000,0.610,0.000,0.000,below_cutoff,self_consumption,100,29,False
2026-05-25 00:00,summer,1.9,2.4,4.9,95,95,1.900,0.000,1.800,0.000,0.000,below_cutoff,self_consumption,100,30,False
2026-05-25 01:00,summer,1.7,2.4,4.9,95,95,1.530,0.000,1.440,0.000,0.000,below_cutoff,self_consumption,100,29,False
2026-05-25 02:00,summer,1.6,2.4,4.9,95,95,0.580,0.000,0.490,0.000,0.000,below_cutoff,self_consumption,100,30,False
2026-05-25 03:00,summer,1.7,2.4,4.9,95,95,0.550,0.000,0.460,0.000,0.000,below_cutoff,self_consumption,100,30,False
2026-05-25 04:00,summer,1.8,2.4,4.9,95,95,0.540,0.000,0.460,0.000,0.000,below_cutoff,self_consumption,100,29,False
2026-05-25 05:00,summer,1.8,2.4,4.9,95,95,0.570,0.020,0.500,0.000,0.000,below_cutoff,self_consumption,100,30,False
2026-05-25 06:00,summer,1.5,2.4,4.1,95,95,0.410,0.210,0.520,0.000,0.000,below_cutoff,self_consumption,100,29,False
2026-05-25 07:00,summer,0.5,2.4,4.1,95,96,0.420,1.070,1.140,0.200,0.000,below_cutoff,self_consumption,100,30,False
2026-05-25 08:00,summer,1.7,2.3,4.2,96,95,-5.840,2.370,1.760,0.000,0.200,below_cutoff,self_consumption,85,29,False
2026-05-25 09:00,summer,1.8,2.3,4.4,95,95,2.420,3.930,0.710,0.000,0.000,below_cutoff,self_consumption,85,30,False
2026-05-25 10:00,summer,2.6,2.4,4.9,95,100,3.550,4.670,0.880,1.000,0.000,below_cutoff,self_consumption,100,29,False
2026-05-25 11:00,summer,1.9,2.4,5.4,100,100,3.750,5.410,1.610,0.000,0.000,below_cutoff,self_consumption,85,30,False
2026-05-25 12:00,summer,2.1,2.4,5.6,100,100,1.290,5.470,4.230,0.000,0.000,below_cutoff,self_consumption,100,29,False
2026-05-25 13:00,summer,2.1,2.4,5.4,100,100,-5.080,5.550,5.000,0.000,0.000,below_cutoff,self_consumption,100,30,False
2026-05-25 14:00,summer,3.1,2.6,5.0,100,100,1.590,5.390,3.830,0.000,0.000,below_cutoff,self_consumption,100,30,False
2026-05-25 15:00,summer,25.6,2.6,4.7,100,100,10.120,4.260,1.430,0.000,0.000,above_cutoff,self_consumption,19,29,False
2026-05-25 16:00,summer,3.4,2.7,4.5,100,100,-9.620,3.560,4.080,0.000,0.000,below_cutoff,self_consumption,100,30,False
2026-05-25 17:00,summer,4.3,2.7,4.5,100,100,0.460,2.400,2.710,0.000,0.000,below_cutoff,self_consumption,100,29,False
2026-05-25 18:00,summer,5.6,2.8,4.5,100,92,2.460,0.900,4.960,0.000,1.600,above_cutoff,self_consumption,55,30,False
2026-05-25 19:00,summer,7.9,2.8,4.6,91,80,0.010,0.170,2.500,0.000,2.200,above_cutoff,self_consumption,55,29,False
2026-05-25 20:00,summer,5.0,2.8,5.3,79,61,0.020,0.000,3.670,0.000,3.600,above_cutoff,self_consumption,55,30,False
2026-05-25 21:00,summer,3.6,2.9,5.4,60,59,3.160,0.000,3.470,0.000,0.200,below_cutoff,self_consumption,100,29,False
2026-05-25 22:00,summer,2.7,2.9,5.4,59,59,1.780,0.000,1.700,0.000,0.000,below_cutoff,self_consumption,100,30,False
2026-05-25 23:00,summer,2.6,2.9,6.2,59,59,3.680,0.000,3.590,0.000,0.000,below_cutoff,self_consumption,100,29,False
2026-05-26 00:00,summer,2.3,2.9,6.2,59,59,3.170,0.000,3.080,0.000,0.000,below_cutoff,self_consumption,100,30,False
2026-05-26 01:00,summer,1.8,2.9,6.2,59,59,0.520,0.000,0.430,0.000,0.000,below_cutoff,self_consumption,100,29,False
2026-05-26 02:00,summer,1.9,2.9,6.2,59,59,0.590,0.000,0.500,0.000,0.000,below_cutoff,self_consumption,100,30,False
2026-05-26 03:00,summer,2.0,2.9,6.2,59,59,0.650,0.000,0.570,0.000,0.000,below_cutoff,self_consumption,100,30,False
2026-05-26 04:00,summer,3.0,3.0,6.3,59,59,0.590,0.000,0.510,0.000,0.000,below_cutoff,self_consumption,100,29,False
2026-05-26 05:00,summer,5.2,3.2,6.6,59,55,0.120,0.030,0.740,0.000,0.800,below_cutoff,self_consumption,100,30,False
2026-05-26 06:00,summer,4.2,3.3,5.9,55,55,0.520,0.330,0.770,0.000,0.000,below_cutoff,self_consumption,100,29,False
2026-05-26 07:00,summer,4.2,3.5,6.0,55,55,2.990,1.140,4.050,0.000,0.000,below_cutoff,self_consumption,100,30,False
2026-05-26 08:00,summer,4.3,3.8,6.0,55,61,0.210,2.510,1.030,1.200,0.000,below_cutoff,self_consumption,100,29,False
2026-05-26 09:00,summer,3.8,3.8,6.0,61,72,0.000,3.270,0.910,2.200,0.000,below_cutoff,self_consumption,100,30,False
2026-05-26 10:00,summer,3.8,3.8,6.0,72,86,0.020,3.900,0.760,2.800,0.000,below_cutoff,self_consumption,100,29,False
2026-05-26 11:00,summer,3.8,3.8,6.5,87,95,-7.640,4.640,0.690,1.600,0.000,below_cutoff,self_consumption,100,30,False
2026-05-26 12:00,summer,4.9,4.0,6.8,95,96,2.620,4.410,1.010,0.200,0.000,below_cutoff,self_consumption,100,30,False
2026-05-26 13:00,summer,10.7,4.2,6.7,97,100,3.230,4.140,0.890,0.600,0.000,above_cutoff,self_consumption,34,29,False
2026-05-26 14:00,summer,9.6,4.3,6.3,100,100,1.330,4.680,3.300,0.000,0.000,above_cutoff,self_consumption,39,29,False
2026-05-26 15:00,summer,64.8,4.3,5.9,100,97,0.130,3.970,3.570,0.000,0.600,above_cutoff,self_consumption,15,30,False
2026-05-26 16:00,summer,19.8,4.5,5.8,97,95,1.310,2.770,2.120,0.000,0.400,above_cutoff,self_consumption,25,29,False
2026-05-26 17:00,summer,18.0,4.7,5.8,95,100,0.870,2.460,0.960,1.000,0.000,above_cutoff,self_consumption,27,29,False
2026-05-26 18:00,summer,37.1,5.2,6.2,100,93,-2.190,1.190,2.070,0.000,1.400,above_cutoff,self_consumption,15,30,False
2026-05-26 19:00,summer,62.3,5.2,6.7,92,73,0.000,0.070,3.890,0.000,3.800,above_cutoff,self_consumption,15,29,False
2026-05-26 20:00,summer,26.0,6.2,7.9,73,57,0.020,0.000,3.300,0.000,3.200,above_cutoff,self_consumption,19,30,False
2026-05-26 21:00,summer,10.4,7.0,8.6,56,52,0.320,0.000,1.140,0.000,0.800,above_cutoff,self_consumption,35,29,False
2026-05-26 22:00,summer,6.4,7.4,8.9,52,50,2.260,0.000,2.490,0.000,0.400,below_cutoff,self_consumption,100,30,False
2026-05-26 23:00,summer,6.6,7.5,9.8,50,50,3.680,0.000,3.600,0.000,0.000,below_cutoff,self_consumption,100,29,False
2026-05-27 00:00,summer,6.2,7.5,9.8,50,50,1.990,0.000,1.910,0.000,0.000,below_cutoff,self_consumption,100,30,False
2026-05-27 01:00,summer,2.4,7.5,9.8,50,50,2.860,0.000,2.780,0.000,0.000,below_cutoff,self_consumption,100,29,False
2026-05-27 02:00,summer,3.1,7.5,9.8,50,50,4.220,0.000,4.130,0.000,0.000,below_cutoff,self_consumption,100,30,False
2026-05-27 03:00,summer,4.3,7.5,9.8,50,50,2.290,0.000,2.200,0.000,0.000,below_cutoff,self_consumption,100,29,False
2026-05-27 04:00,summer,5.3,7.5,9.8,50,50,2.370,0.000,2.290,0.000,0.000,below_cutoff,self_consumption,100,30,False
2026-05-27 05:00,summer,42.6,7.8,10.1,50,46,0.880,0.020,1.700,0.000,0.800,above_cutoff,self_consumption,5,30,False
2026-05-27 06:00,summer,32.6,8.8,10.1,46,45,0.370,0.210,0.670,0.000,0.200,above_cutoff,self_consumption,5,29,False
2026-05-27 07:00,summer,8.4,9.4,10.5,45,46,0.220,0.960,0.820,0.200,0.000,below_cutoff,self_consumption,100,29,False
2026-05-27 08:00,summer,4.9,9.4,10.3,46,54,0.020,2.720,0.960,1.600,0.000,below_cutoff,self_consumption,100,30,False
2026-05-27 09:00,summer,4.1,9.4,10.1,54,68,0.010,3.820,0.730,2.800,0.000,below_cutoff,self_consumption,100,30,False
2026-05-27 10:00,summer,10.0,9.8,10.2,69,86,0.000,4.650,0.720,3.400,0.000,above_cutoff,self_consumption,25,29,False
2026-05-27 11:00,summer,9.8,11.8,12.0,87,95,-13.960,5.250,1.510,1.600,0.000,below_cutoff,self_consumption,100,29,False
2026-05-27 12:00,summer,10.4,13.7,12.0,95,95,1.260,5.760,3.720,0.000,0.000,below_cutoff,self_consumption,100,30,False
2026-05-27 13:00,summer,18.0,14.3,12.0,95,100,1.510,5.340,3.670,1.000,0.000,above_cutoff,self_consumption,27,29,False
2026-05-27 14:00,summer,17.3,15.1,12.0,100,100,2.750,5.110,2.310,0.000,0.000,above_cutoff,self_consumption,28,29,False
2026-05-27 15:00,summer,18.1,15.2,12.0,100,100,3.420,4.340,0.910,0.000,0.000,above_cutoff,self_consumption,27,30,False
2026-05-27 16:00,summer,20.3,15.3,12.0,100,96,4.620,3.340,3.460,0.000,0.800,above_cutoff,self_consumption,25,29,False
2026-05-27 17:00,summer,15.0,14.9,12.0,96,94,0.810,2.470,3.530,0.000,0.400,above_cutoff,self_consumption,30,29,False
2026-05-27 18:00,summer,13.8,14.0,12.0,94,94,0.000,0.910,0.810,0.000,0.000,above_cutoff,self_consumption,31,29,False
2026-05-27 19:00,summer,14.3,11.6,10.5,93,84,0.080,0.100,2.110,0.000,1.800,above_cutoff,self_consumption,31,25,False
2026-05-27 20:00,summer,7.2,10.4,9.9,83,81,3.010,0.000,3.180,0.000,0.400,below_cutoff,self_consumption,100,29,False
2026-05-27 21:00,summer,4.6,10.2,9.7,81,81,2.300,0.000,2.220,0.000,0.000,below_cutoff,self_consumption,100,29,False
2026-05-27 22:00,summer,4.1,10.2,9.7,81,81,1.690,0.000,1.600,0.000,0.000,below_cutoff,self_consumption,100,30,False
2026-05-27 23:00,summer,3.8,10.2,10.5,81,81,1.500,0.000,1.420,0.000,0.000,below_cutoff,self_consumption,100,29,False
2026-05-28 00:00,summer,4.4,10.2,10.5,81,81,3.040,0.000,2.960,0.000,0.000,below_cutoff,self_consumption,100,30,False
2026-05-28 01:00,summer,2.6,10.2,10.5,81,81,2.380,0.000,2.300,0.000,0.000,below_cutoff,self_consumption,100,29,False
2026-05-28 02:00,summer,2.3,10.2,10.5,81,81,1.520,0.000,1.440,0.000,0.000,below_cutoff,self_consumption,100,29,False
2026-05-28 03:00,summer,2.3,10.2,10.5,81,81,1.580,0.000,1.490,0.000,0.000,below_cutoff,self_consumption,100,30,False
2026-05-28 04:00,summer,4.3,10.2,10.5,81,81,1.450,0.000,1.360,0.000,0.000,below_cutoff,self_consumption,100,29,False
2026-05-28 05:00,summer,3.2,8.6,9.4,81,81,1.640,0.020,1.580,0.000,0.000,below_cutoff,self_consumption,100,30,False
2026-05-28 06:00,summer,2.7,8.2,8.3,81,81,2.140,0.210,2.270,0.000,0.000,below_cutoff,self_consumption,100,29,False
2026-05-28 07:00,summer,2.2,8.1,8.2,81,81,1.470,1.000,2.390,0.000,0.000,below_cutoff,self_consumption,100,29,False
2026-05-28 08:00,summer,2.3,8.1,8.2,81,87,0.010,2.810,1.640,1.200,0.000,below_cutoff,self_consumption,100,29,False
2026-05-28 09:00,summer,8.0,8.2,8.5,87,95,-15.470,4.140,1.840,1.600,0.000,below_cutoff,self_consumption,100,30,False
2026-05-28 10:00,summer,5.2,8.1,8.9,95,95,2.050,5.010,2.160,0.000,0.000,below_cutoff,self_consumption,100,30,False
2026-05-28 11:00,summer,7.3,8.0,9.3,95,100,2.910,5.580,2.590,1.000,0.000,below_cutoff,self_consumption,100,29,False
2026-05-28 12:00,summer,5.1,7.7,9.3,100,100,3.020,5.940,2.920,0.000,0.000,below_cutoff,self_consumption,100,30,False
2026-05-28 13:00,summer,4.2,7.2,8.7,100,100,2.990,5.760,2.820,0.000,0.000,below_cutoff,self_consumption,100,29,False
2026-05-28 14:00,summer,3.3,6.2,7.6,100,100,4.290,5.600,1.270,0.000,0.000,below_cutoff,self_consumption,100,29,False
2026-05-28 15:00,summer,4.5,5.6,6.7,100,100,3.570,4.720,1.190,0.000,0.000,below_cutoff,self_consumption,100,29,False
2026-05-28 16:00,summer,2.8,5.1,6.1,100,100,4.700,3.740,3.630,0.000,0.000,below_cutoff,self_consumption,100,29,False
2026-05-28 17:00,summer,4.9,4.7,5.8,100,100,-4.000,2.630,1.930,0.000,0.000,below_cutoff,self_consumption,100,30,False
2026-05-28 18:00,summer,6.4,4.7,5.7,100,97,0.070,0.900,1.170,0.000,0.600,above_cutoff,self_consumption,55,29,False
2026-05-28 19:00,summer,7.4,4.7,5.7,97,94,0.000,0.240,0.870,0.000,0.600,above_cutoff,self_consumption,55,29,False
2026-05-28 20:00,summer,5.4,4.5,5.7,94,80,0.010,0.010,2.790,0.000,2.800,above_cutoff,self_consumption,55,30,False
2026-05-28 21:00,summer,3.3,4.4,5.7,79,79,2.880,0.000,2.890,0.000,0.000,below_cutoff,self_consumption,100,29,False
2026-05-28 22:00,summer,2.6,4.2,5.5,79,79,0.780,0.000,0.690,0.000,0.000,below_cutoff,self_consumption,100,29,False
2026-05-28 23:00,summer,2.7,4.2,6.3,79,79,1.240,0.000,1.150,0.000,0.000,below_cutoff,self_consumption,100,30,False
2026-05-29 00:00,summer,2.2,4.1,6.3,79,79,2.040,0.000,1.950,0.000,0.000,below_cutoff,self_consumption,100,29,False
2026-05-29 01:00,summer,2.0,4.1,6.3,79,79,2.060,0.000,1.970,0.000,0.000,below_cutoff,self_consumption,100,30,False
2026-05-29 02:00,summer,1.9,4.1,6.3,79,79,1.440,0.000,1.370,0.000,0.000,below_cutoff,self_consumption,100,29,False
2026-05-29 03:00,summer,1.9,4.1,6.3,79,79,1.500,0.000,1.410,0.000,0.000,below_cutoff,self_consumption,100,30,False
2026-05-29 04:00,summer,1.7,3.7,6.0,79,79,1.540,0.000,1.440,0.000,0.000,below_cutoff,self_consumption,100,30,False
2026-05-29 05:00,summer,2.2,3.7,6.0,79,79,1.440,0.050,1.410,0.000,0.000,below_cutoff,self_consumption,100,29,False
2026-05-29 06:00,summer,2.4,3.7,5.2,79,79,1.360,0.330,1.610,0.000,0.000,below_cutoff,self_consumption,100,30,False
2026-05-29 07:00,summer,1.7,3.7,5.2,79,79,1.110,0.950,1.900,0.000,0.000,below_cutoff,self_consumption,100,29,False
2026-05-29 08:00,summer,1.8,3.7,5.1,79,88,0.000,2.900,0.760,1.800,0.000,below_cutoff,self_consumption,100,30,False
2026-05-29 09:00,summer,2.3,3.5,5.2,89,95,-11.230,4.080,0.760,1.200,0.000,below_cutoff,self_consumption,100,30,False
2026-05-29 10:00,summer,2.5,3.4,5.6,95,100,2.930,4.740,1.030,1.000,0.000,below_cutoff,self_consumption,100,29,False
2026-05-29 11:00,summer,2.6,3.1,5.9,100,100,4.160,5.420,1.290,0.000,0.000,below_cutoff,self_consumption,100,30,False
2026-05-29 12:00,summer,3.9,3.0,6.0,100,100,4.280,5.470,1.160,0.000,0.000,below_cutoff,self_consumption,100,29,False
2026-05-29 13:00,summer,4.9,3.2,5.9,100,100,3.740,5.630,1.930,0.000,0.000,below_cutoff,self_consumption,100,30,False
2026-05-29 14:00,summer,4.4,3.5,5.6,100,100,-4.230,4.500,3.530,0.000,0.000,below_cutoff,self_consumption,100,29,False
2026-05-29 15:00,summer,4.8,3.7,5.3,98,97,0.640,3.580,4.400,0.000,0.200,below_cutoff,self_consumption,100,29,False
2026-05-29 16:00,summer,4.0,3.7,5.1,97,100,5.070,3.050,2.870,0.600,0.000,below_cutoff,self_consumption,100,30,False
2026-05-29 17:00,summer,14.9,4.0,5.3,100,100,0.530,1.970,1.400,0.000,0.000,above_cutoff,self_consumption,30,29,False
2026-05-29 18:00,summer,11.2,4.0,5.2,100,100,-5.140,1.100,0.710,0.000,0.000,above_cutoff,self_consumption,34,29,False
2026-05-29 19:00,summer,6.1,4.0,5.2,100,86,0.010,0.180,2.770,0.000,2.800,above_cutoff,self_consumption,55,29,False
2026-05-29 20:00,summer,4.7,4.0,5.6,86,75,1.450,0.000,3.690,0.000,2.200,below_cutoff,self_consumption,100,30,False
2026-05-29 21:00,summer,3.7,4.0,5.7,75,72,2.890,0.000,3.420,0.000,0.600,below_cutoff,self_consumption,100,29,False
2026-05-29 22:00,summer,2.5,4.0,5.7,72,72,2.660,0.000,2.570,0.000,0.000,below_cutoff,self_consumption,100,30,False
2026-05-29 23:00,summer,2.5,4.0,6.5,72,72,2.620,0.000,2.540,0.000,0.000,below_cutoff,self_consumption,100,29,False
2026-05-30 00:00,summer,2.5,4.0,7.4,72,72,4.700,0.000,4.600,0.000,0.000,below_cutoff,self_consumption,100,30,False
2026-05-30 01:00,summer,2.9,4.0,7.4,72,72,2.730,0.000,2.640,0.000,0.000,below_cutoff,self_consumption,100,29,False
2026-05-30 02:00,summer,2.0,4.0,7.4,72,72,2.370,0.000,2.280,0.000,0.000,below_cutoff,self_consumption,100,30,False
2026-05-30 03:00,summer,2.0,4.0,7.4,72,72,2.290,0.000,2.200,0.000,0.000,below_cutoff,self_consumption,100,29,False
2026-05-30 04:00,summer,1.8,4.0,7.4,72,72,2.290,0.000,2.210,0.000,0.000,below_cutoff,self_consumption,100,29,False
2026-05-30 05:00,summer,2.1,4.0,7.4,72,72,2.250,0.040,2.200,0.000,0.000,below_cutoff,self_consumption,100,30,False
2026-05-30 06:00,summer,1.7,4.0,6.6,72,72,1.200,0.330,1.450,0.000,0.000,below_cutoff,self_consumption,100,29,False
2026-05-30 07:00,summer,1.1,4.0,6.6,72,72,0.580,1.230,1.610,0.000,0.000,below_cutoff,self_consumption,100,30,False
2026-05-30 08:00,summer,2.2,4.0,6.6,72,75,1.110,2.640,3.140,0.600,0.000,below_cutoff,self_consumption,100,29,False
2026-05-30 09:00,summer,2.3,4.0,6.6,75,83,0.000,3.330,1.630,1.600,0.000,below_cutoff,self_consumption,100,29,False
2026-05-30 10:00,summer,1.9,4.0,6.9,83,89,0.250,3.760,2.550,1.200,0.000,below_cutoff,self_consumption,100,29,False
2026-05-30 11:00,summer,2.0,4.0,7.4,89,93,0.140,5.290,4.550,0.800,0.000,below_cutoff,self_consumption,100,29,False
2026-05-30 12:00,summer,1.6,4.0,7.6,93,95,-19.490,5.750,3.750,0.400,0.000,below_cutoff,self_consumption,85,30,False
2026-05-30 13:00,summer,1.9,3.8,7.3,95,100,3.080,5.400,1.620,1.000,0.000,below_cutoff,self_consumption,85,29,False
2026-05-30 14:00,summer,2.1,3.1,6.3,100,100,3.970,4.950,1.000,0.000,0.000,below_cutoff,self_consumption,100,29,False
2026-05-30 15:00,summer,2.1,2.8,5.7,100,100,3.100,4.120,0.970,0.000,0.000,below_cutoff,self_consumption,100,29,False
2026-05-30 16:00,summer,2.0,2.7,5.4,100,100,2.620,3.370,0.770,0.000,0.000,below_cutoff,self_consumption,100,29,False
2026-05-30 17:00,summer,2.1,2.4,5.1,100,100,8.220,2.700,3.880,0.000,0.000,below_cutoff,self_consumption,100,30,False
2026-05-30 18:00,summer,2.8,2.3,4.9,100,97,5.450,0.750,6.620,0.000,0.600,below_cutoff,self_consumption,100,29,False
2026-05-30 19:00,summer,2.7,2.2,4.9,97,97,1.680,0.180,1.770,0.000,0.000,below_cutoff,self_consumption,100,30,False
2026-05-30 20:00,summer,2.2,2.2,4.8,97,97,1.760,0.000,1.680,0.000,0.000,below_cutoff,self_consumption,100,29,False
2026-05-30 21:00,summer,1.2,2.1,4.8,97,97,1.730,0.000,1.640,0.000,0.000,below_cutoff,self_consumption,100,29,False
2026-05-30 22:00,summer,1.5,2.0,4.7,97,97,1.440,0.000,1.360,0.000,0.000,below_cutoff,self_consumption,100,29,False
2026-05-30 23:00,summer,1.3,2.0,5.5,97,97,1.470,0.000,1.380,0.000,0.000,below_cutoff,self_consumption,100,29,False
2026-05-31 00:00,summer,1.4,1.9,5.4,97,97,1.561,0.000,1.473,0.000,0.000,below_cutoff,self_consumption,100,30,True
2026-05-31 01:00,summer,1.5,1.9,5.4,97,97,1.400,0.000,1.320,0.000,0.000,below_cutoff,self_consumption,100,29,False
2026-05-31 02:00,summer,1.4,1.9,5.4,97,97,1.430,0.000,1.330,0.000,0.000,below_cutoff,self_consumption,100,29,False
2026-05-31 03:00,summer,1.4,1.9,5.4,97,97,1.420,0.000,1.330,0.000,0.000,below_cutoff,self_consumption,100,29,False
2026-05-31 04:00,summer,1.5,1.9,5.4,97,97,1.350,0.000,1.270,0.000,0.000,below_cutoff,self_consumption,100,29,False
2026-05-31 05:00,summer,1.5,1.8,5.4,97,97,1.520,0.020,1.450,0.000,0.000,below_cutoff,self_consumption,100,30,False
2026-05-31 06:00,summer,1.2,1.8,4.6,97,97,1.150,0.270,1.330,0.000,0.000,below_cutoff,self_consumption,100,29,False
2026-05-31 07:00,summer,0.8,1.8,4.6,97,97,0.450,1.260,1.470,0.000,0.000,below_cutoff,self_consumption,100,29,False
2026-05-31 08:00,summer,1.3,1.7,4.6,97,97,-10.500,2.360,1.690,0.000,0.000,below_cutoff,self_consumption,85,30,False
2026-05-31 09:00,summer,1.3,1.7,4.9,97,100,0.360,2.660,2.120,0.600,0.000,below_cutoff,self_consumption,85,29,False
2026-05-31 10:00,summer,1.6,1.6,5.3,100,100,1.350,3.570,2.300,0.000,0.000,below_cutoff,self_consumption,85,30,False
2026-05-31 11:00,summer,1.6,1.6,5.7,100,100,2.360,4.370,2.010,0.000,0.000,below_cutoff,self_consumption,85,29,False
2026-05-31 12:00,summer,1.7,1.6,5.9,100,100,2.960,5.280,2.360,0.000,0.000,below_cutoff,self_consumption,85,29,False
2026-05-31 13:00,summer,1.9,1.6,5.7,100,100,3.040,4.380,2.870,0.000,0.000,below_cutoff,self_consumption,85,29,False
2026-05-31 14:00,summer,2.6,1.6,5.2,100,100,0.880,3.950,1.640,0.000,0.000,below_cutoff,self_consumption,100,30,False
2026-05-31 15:00,summer,2.6,1.7,4.9,100,100,0.850,3.070,2.240,0.000,0.000,below_cutoff,self_consumption,100,29,False
2026-05-31 16:00,summer,4.2,1.7,4.6,100,100,-1.470,2.750,2.940,0.000,0.000,below_cutoff,self_consumption,100,30,False
2026-05-31 17:00,summer,8.6,1.8,4.6,100,100,0.390,2.490,2.600,0.000,0.000,above_cutoff,self_consumption,49,30,False
2026-05-31 18:00,summer,5.8,1.8,4.6,100,98,-1.390,0.800,0.960,0.000,0.400,above_cutoff,self_consumption,55,29,False
2026-05-31 19:00,summer,4.8,1.9,4.7,98,93,0.010,0.110,1.020,0.000,1.000,above_cutoff,self_consumption,55,30,False
2026-05-31 20:00,summer,4.4,2.0,4.8,93,89,0.030,0.010,0.930,0.000,0.800,above_cutoff,self_consumption,55,29,False
2026-05-31 21:00,summer,2.7,2.3,5.0,89,88,0.800,0.000,0.860,0.000,0.200,below_cutoff,self_consumption,100,29,False
2026-05-31 22:00,summer,3.4,2.5,5.1,88,87,0.670,0.000,0.760,0.000,0.200,below_cutoff,self_consumption,100,29,False
2026-05-31 23:00,summer,1.8,2.5,5.9,87,87,0.900,0.000,0.810,0.000,0.000,below_cutoff,self_consumption,100,29,False
2026-06-01 00:00,summer,1.7,2.5,5.0,87,87,0.690,0.000,0.610,0.000,0.000,below_cutoff,self_consumption,100,30,False
2026-06-01 01:00,summer,1.8,2.5,5.0,87,87,2.820,0.000,2.730,0.000,0.000,below_cutoff,self_consumption,100,29,False
2026-06-01 02:00,summer,1.7,2.5,5.0,87,87,2.900,0.000,2.820,0.000,0.000,below_cutoff,self_consumption,100,30,False
2026-06-01 03:00,summer,1.8,2.5,5.0,87,87,0.950,0.000,0.860,0.000,0.000,below_cutoff,self_consumption,100,29,False
2026-06-01 04:00,summer,2.2,2.5,5.0,87,87,0.570,0.000,0.480,0.000,0.000,below_cutoff,self_consumption,100,29,False
2026-06-01 05:00,summer,1.9,2.5,5.0,87,87,0.600,0.000,0.510,0.000,0.000,below_cutoff,self_consumption,100,30,False
2026-06-01 06:00,summer,2.0,2.5,4.2,87,87,0.530,0.090,0.540,0.000,0.000,below_cutoff,self_consumption,100,29,False
2026-06-01 07:00,summer,2.6,2.6,4.3,87,88,0.170,0.700,0.690,0.200,0.000,below_cutoff,self_consumption,100,30,False
2026-06-01 08:00,summer,5.7,2.7,4.5,88,92,0.020,1.680,0.670,0.800,0.000,above_cutoff,self_consumption,45,30,False
2026-06-01 09:00,summer,4.4,2.9,4.8,92,94,9.590,1.280,0.710,0.400,0.000,below_cutoff,self_consumption,100,29,False
2026-06-01 10:00,summer,2.7,2.9,5.3,94,95,0.030,1.430,1.050,0.200,0.000,below_cutoff,self_consumption,100,29,False
2026-06-01 11:00,summer,7.1,3.0,5.8,95,95,0.080,1.170,0.900,0.000,0.000,above_cutoff,self_consumption,50,29,False
2026-06-01 12:00,summer,3.4,3.1,6.1,95,95,0.180,2.030,1.890,0.000,0.000,below_cutoff,self_consumption,100,29,False
2026-06-01 13:00,summer,2.7,3.1,5.9,95,100,-7.640,4.590,2.360,1.000,0.000,below_cutoff,self_consumption,100,30,False
2026-06-01 14:00,summer,2.7,3.1,5.4,100,100,2.310,4.010,1.680,0.000,0.000,below_cutoff,self_consumption,100,29,False
2026-06-01 15:00,summer,2.9,3.1,5.0,100,100,2.220,4.000,1.840,0.000,0.000,below_cutoff,self_consumption,100,30,False
2026-06-01 16:00,summer,3.7,3.1,4.7,100,100,1.130,2.750,1.610,0.000,0.000,below_cutoff,self_consumption,100,29,False
2026-06-01 17:00,summer,2.6,3.0,4.6,100,100,0.140,1.640,1.680,0.000,0.000,below_cutoff,self_consumption,100,29,False
2026-06-01 18:00,summer,3.1,2.9,4.5,100,98,0.360,0.910,1.250,0.000,0.400,below_cutoff,self_consumption,100,29,False
2026-06-01 19:00,summer,4.9,2.9,4.5,98,92,0.360,0.190,1.820,0.000,1.200,above_cutoff,self_consumption,55,29,False
2026-06-01 20:00,summer,4.9,2.9,4.8,91,75,0.030,0.000,3.550,0.000,3.200,above_cutoff,self_consumption,55,29,False
2026-06-01 21:00,summer,2.4,2.9,4.9,73,72,3.340,0.000,3.600,0.000,0.200,below_cutoff,self_consumption,100,29,False
2026-06-01 22:00,summer,1.8,2.9,4.9,72,72,1.750,0.000,1.660,0.000,0.000,below_cutoff,self_consumption,100,30,False
2026-06-01 23:00,summer,1.4,2.9,5.7,72,72,1.490,0.000,1.400,0.000,0.000,below_cutoff,self_consumption,100,29,False
2026-06-02 00:00,summer,1.4,2.9,5.7,72,72,2.400,0.000,2.310,0.000,0.000,below_cutoff,self_consumption,100,29,False
2026-06-02 01:00,summer,1.0,2.9,5.7,72,72,1.370,0.000,1.290,0.000,0.000,below_cutoff,self_consumption,100,29,False
2026-06-02 02:00,summer,1.5,2.9,5.7,72,72,1.140,0.000,1.050,0.000,0.000,below_cutoff,self_consumption,100,29,False
2026-06-02 03:00,summer,1.5,2.9,5.7,72,72,0.550,0.000,0.460,0.000,0.000,below_cutoff,self_consumption,100,30,False
2026-06-02 04:00,summer,1.8,2.9,5.7,72,72,0.620,0.000,0.530,0.000,0.000,below_cutoff,self_consumption,100,29,False
2026-06-02 05:00,summer,2.4,2.9,5.7,72,72,0.800,0.040,0.760,0.000,0.000,below_cutoff,self_consumption,100,30,False
2026-06-02 06:00,summer,1.9,2.9,4.9,72,72,1.100,0.210,1.220,0.000,0.000,below_cutoff,self_consumption,100,29,False
2026-06-02 07:00,summer,1.6,2.9,4.9,72,74,0.480,0.940,0.860,0.400,0.000,below_cutoff,self_consumption,100,29,False
2026-06-02 08:00,summer,1.5,2.9,4.6,74,84,0.020,2.960,0.640,2.000,0.000,below_cutoff,self_consumption,100,30,False
2026-06-02 09:00,summer,1.4,2.9,4.8,85,95,-7.830,4.070,0.610,2.000,0.000,below_cutoff,self_consumption,85,29,False
2026-06-02 10:00,summer,1.5,2.9,5.2,95,95,3.690,5.180,0.660,0.000,0.000,below_cutoff,self_consumption,85,30,False
2026-06-02 11:00,summer,1.4,2.8,5.6,95,100,3.960,5.620,1.350,1.000,0.000,below_cutoff,self_consumption,85,29,False
2026-06-02 12:00,summer,1.5,2.7,5.8,100,100,4.370,5.750,1.350,0.000,0.000,below_cutoff,self_consumption,85,29,False
2026-06-02 13:00,summer,2.9,2.6,5.5,100,100,4.690,5.750,1.090,0.000,0.000,below_cutoff,self_consumption,100,29,False
2026-06-02 14:00,summer,2.0,2.5,4.9,100,100,4.020,5.570,1.500,0.000,0.000,below_cutoff,self_consumption,85,29,False
2026-06-02 15:00,summer,2.9,2.3,4.4,100,100,2.360,4.740,2.410,0.000,0.000,below_cutoff,self_consumption,100,30,False
2026-06-02 16:00,summer,2.8,2.0,3.9,100,100,2.680,3.760,1.030,0.000,0.000,below_cutoff,self_consumption,100,29,False
2026-06-02 17:00,summer,3.4,2.0,3.9,100,100,1.820,2.890,1.080,0.000,0.000,below_cutoff,self_consumption,100,30,False
2026-06-02 18:00,summer,5.2,2.0,3.9,100,98,-20.910,1.000,1.100,0.000,0.400,above_cutoff,self_consumption,55,29,False
2026-06-02 19:00,summer,144.4,2.0,4.4,98,94,0.020,0.120,0.950,0.000,0.800,above_cutoff,self_consumption,15,30,False
2026-06-02 20:00,summer,3.0,2.0,4.4,94,91,3.030,0.000,3.600,0.000,0.600,below_cutoff,self_consumption,100,29,False
2026-06-02 21:00,summer,2.9,2.2,4.5,91,91,4.750,0.000,4.660,0.000,0.000,below_cutoff,self_consumption,100,30,False
2026-06-02 22:00,summer,2.1,2.3,4.5,91,91,2.350,0.000,2.270,0.000,0.000,below_cutoff,self_consumption,100,29,False
2026-06-02 23:00,summer,1.8,2.3,5.3,91,91,1.710,0.000,1.620,0.000,0.000,below_cutoff,self_consumption,100,30,False
2026-06-03 00:00,summer,1.0,2.3,5.3,91,91,1.410,0.000,1.330,0.000,0.000,below_cutoff,self_consumption,100,29,False
2026-06-03 01:00,summer,-0.1,2.3,5.3,91,91,0.630,0.000,0.540,0.000,0.000,below_cutoff,self_consumption,100,29,False
2026-06-03 02:00,summer,1.5,2.3,5.3,91,91,0.610,0.000,0.520,0.000,0.000,below_cutoff,self_consumption,100,30,False
2026-06-03 03:00,summer,1.8,2.3,5.3,91,91,0.530,0.000,0.440,0.000,0.000,below_cutoff,self_consumption,100,29,False
2026-06-03 04:00,summer,1.4,2.3,5.3,91,91,0.540,0.000,0.450,0.000,0.000,below_cutoff,self_consumption,100,29,False
2026-06-03 05:00,summer,0.9,2.0,5.2,91,91,0.530,0.030,0.460,0.000,0.000,below_cutoff,self_consumption,100,29,False
2026-06-03 06:00,summer,1.1,2.0,4.4,91,91,0.390,0.200,0.510,0.000,0.000,below_cutoff,self_consumption,100,29,False
2026-06-03 07:00,summer,1.4,2.0,4.4,91,92,0.180,0.850,0.600,0.200,0.000,below_cutoff,self_consumption,100,30,False
2026-06-03 08:00,summer,1.5,2.0,4.5,92,95,-4.330,2.680,0.800,0.600,0.000,below_cutoff,self_consumption,85,29,False
2026-06-03 09:00,summer,1.8,2.1,4.8,95,100,2.320,3.860,0.850,1.000,0.000,below_cutoff,self_consumption,85,29,False
2026-06-03 10:00,summer,1.6,2.1,5.2,100,100,3.180,4.150,1.000,0.000,0.000,below_cutoff,self_consumption,85,29,False
2026-06-03 11:00,summer,2.5,2.2,5.8,100,100,3.310,4.250,0.890,0.000,0.000,below_cutoff,self_consumption,100,29,False
2026-06-03 12:00,summer,3.1,2.4,6.1,100,100,3.490,4.580,1.120,0.000,0.000,below_cutoff,self_consumption,100,29,False
2026-06-03 13:00,summer,4.3,2.7,6.1,100,100,4.280,5.490,1.160,0.000,0.000,below_cutoff,self_consumption,100,29,False
2026-06-03 14:00,summer,3.8,2.8,5.7,100,100,4.100,5.390,1.280,0.000,0.000,below_cutoff,self_consumption,100,30,False
2026-06-03 15:00,summer,15.5,2.8,5.2,100,100,3.140,4.350,1.230,0.000,0.000,above_cutoff,self_consumption,30,29,False
2026-06-03 16:00,summer,16.5,2.9,5.1,100,97,-20.860,3.700,3.580,0.000,0.600,above_cutoff,self_consumption,28,30,False
2026-06-03 17:00,summer,5.7,3.1,5.1,97,94,0.890,2.550,4.010,0.000,0.600,above_cutoff,self_consumption,55,29,False
2026-06-03 18:00,summer,16.3,3.2,5.3,94,81,0.010,0.940,3.520,0.000,2.600,above_cutoff,self_consumption,29,29,False
2026-06-03 19:00,summer,6.3,3.2,5.4,81,67,0.020,0.420,3.280,0.000,2.800,above_cutoff,self_consumption,55,29,False
2026-06-03 20:00,summer,4.1,3.8,5.9,67,64,0.620,0.020,1.090,0.000,0.600,below_cutoff,self_consumption,100,29,False
2026-06-03 21:00,summer,3.5,3.8,5.8,64,64,1.250,0.000,1.160,0.000,0.000,below_cutoff,self_consumption,100,30,False
2026-06-03 22:00,summer,2.4,3.8,5.8,64,64,1.650,0.000,1.560,0.000,0.000,below_cutoff,self_consumption,100,29,False
2026-06-03 23:00,summer,2.1,3.8,6.6,64,64,1.670,0.000,1.590,0.000,0.000,below_cutoff,self_consumption,100,30,False
2026-06-04 00:00,summer,2.2,3.8,6.6,64,64,1.530,0.000,1.450,0.000,0.000,below_cutoff,self_consumption,100,30,False
2026-06-04 01:00,summer,1.7,3.8,6.6,64,64,2.250,0.000,2.160,0.000,0.000,below_cutoff,self_consumption,100,29,False
2026-06-04 02:00,summer,1.8,3.8,6.6,64,64,2.110,0.000,2.020,0.000,0.000,below_cutoff,self_consumption,100,30,False
2026-06-04 03:00,summer,2.1,3.8,6.6,64,64,1.490,0.000,1.400,0.000,0.000,below_cutoff,self_consumption,100,29,False
2026-06-04 04:00,summer,2.4,3.8,6.6,64,64,1.550,0.000,1.470,0.000,0.000,below_cutoff,self_consumption,100,30,False
2026-06-04 05:00,summer,2.6,3.8,6.6,64,64,1.410,0.020,1.360,0.000,0.000,below_cutoff,self_consumption,100,29,False
2026-06-04 06:00,summer,2.1,3.8,5.8,64,64,1.220,0.280,1.420,0.000,0.000,below_cutoff,self_consumption,100,29,False
2026-06-04 07:00,summer,1.5,3.8,5.9,64,64,0.640,1.030,1.510,0.000,0.000,below_cutoff,self_consumption,100,30,False
2026-06-04 08:00,summer,1.8,3.8,5.8,64,69,0.030,2.760,1.560,1.000,0.000,below_cutoff,self_consumption,100,29,False
2026-06-04 09:00,summer,2.0,3.8,5.7,69,78,0.000,3.860,1.880,1.800,0.000,below_cutoff,self_consumption,100,30,False
2026-06-04 10:00,summer,2.5,3.8,5.9,78,91,-12.380,5.050,1.790,2.600,0.000,below_cutoff,self_consumption,100,30,False
2026-06-04 11:00,summer,3.5,3.9,6.5,91,95,2.100,5.170,1.790,0.800,0.000,below_cutoff,self_consumption,100,29,False
2026-06-04 12:00,summer,6.0,4.2,6.9,95,100,3.050,5.700,2.100,1.000,0.000,below_cutoff,self_consumption,100,30,False
2026-06-04 13:00,summer,12.8,4.3,6.8,100,100,3.970,5.530,1.580,0.000,0.000,above_cutoff,self_consumption,32,29,False
2026-06-04 14:00,summer,8.7,4.8,6.6,100,100,1.540,5.450,3.860,0.000,0.000,above_cutoff,self_consumption,48,29,False
2026-06-04 15:00,summer,6.4,4.7,6.1,100,98,1.410,4.630,4.280,0.000,0.400,above_cutoff,self_consumption,55,30,False
2026-06-04 16:00,summer,10.8,4.6,5.8,98,94,0.100,3.590,4.190,0.000,0.800,above_cutoff,self_consumption,34,29,False
2026-06-04 17:00,summer,5.3,4.3,5.5,94,94,1.320,2.350,3.730,0.000,0.000,below_cutoff,self_consumption,100,30,False
2026-06-04 18:00,summer,7.5,4.3,5.4,94,91,0.380,1.160,1.990,0.000,0.600,above_cutoff,self_consumption,55,29,False
2026-06-04 19:00,summer,4.4,4.0,5.3,91,90,0.640,0.180,1.000,0.000,0.200,below_cutoff,self_consumption,100,30,False
2026-06-04 20:00,summer,6.1,4.3,5.7,90,79,0.070,0.000,2.220,0.000,2.200,above_cutoff,self_consumption,55,29,False
2026-06-04 21:00,summer,4.0,4.3,5.9,79,73,2.720,0.000,3.790,0.000,1.200,below_cutoff,self_consumption,100,30,False
2026-06-04 22:00,summer,2.3,4.3,5.9,73,73,2.940,0.000,2.860,0.000,0.000,below_cutoff,self_consumption,100,29,False
2026-06-04 23:00,summer,1.9,4.3,6.7,73,73,1.560,0.000,1.460,0.000,0.000,below_cutoff,self_consumption,100,30,False
2026-06-05 00:00,summer,2.5,4.3,6.7,73,73,1.450,0.000,1.360,0.000,0.000,below_cutoff,self_consumption,100,30,False
2026-06-05 01:00,summer,1.9,4.3,6.7,73,73,4.210,0.000,4.130,0.000,0.000,below_cutoff,self_consumption,100,29,False
2026-06-05 02:00,summer,1.8,4.3,6.7,73,73,4.300,0.000,4.210,0.000,0.000,below_cutoff,self_consumption,100,30,False
2026-06-05 03:00,summer,2.3,4.3,6.7,73,73,1.600,0.000,1.510,0.000,0.000,below_cutoff,self_consumption,100,29,False
2026-06-05 04:00,summer,2.9,4.3,6.7,73,73,1.620,0.000,1.530,0.000,0.000,below_cutoff,self_consumption,100,30,False
2026-06-05 05:00,summer,3.0,4.3,6.7,73,73,1.550,0.030,1.490,0.000,0.000,below_cutoff,self_consumption,100,30,False
2026-06-05 06:00,summer,2.5,4.3,5.9,73,73,0.280,0.500,0.660,0.000,0.000,below_cutoff,self_consumption,100,29,False
2026-06-05 07:00,summer,1.8,4.3,5.9,73,74,0.320,0.530,0.780,0.200,0.000,below_cutoff,self_consumption,100,29,False
2026-06-05 08:00,summer,1.9,4.3,6.0,74,74,1.210,0.560,1.640,0.000,0.000,below_cutoff,self_consumption,100,29,False
2026-06-05 09:00,summer,6.9,4.4,6.3,74,74,1.620,0.730,2.210,0.000,0.000,above_cutoff,self_consumption,45,30,False
2026-06-05 10:00,summer,5.3,4.8,6.9,74,76,0.070,1.300,0.890,0.400,0.000,below_cutoff,self_consumption,100,29,False
2026-06-05 11:00,summer,3.1,4.8,7.1,76,86,0.020,3.100,0.670,2.000,0.000,below_cutoff,self_consumption,100,30,False
2026-06-05 12:00,summer,15.8,4.7,7.3,86,89,0.010,1.820,1.000,0.600,0.000,above_cutoff,self_consumption,24,29,False
2026-06-05 13:00,summer,3.7,4.2,6.7,90,94,19.280,2.260,1.630,0.800,0.000,below_cutoff,self_consumption,100,30,False
2026-06-05 14:00,summer,3.1,4.0,6.1,94,94,2.130,2.100,4.160,0.000,0.000,below_cutoff,self_consumption,100,29,False
2026-06-05 15:00,summer,4.9,3.8,5.5,94,93,2.340,1.860,4.510,0.000,0.200,below_cutoff,self_consumption,100,30,False
2026-06-05 16:00,summer,4.8,3.7,5.2,93,95,-23.700,3.180,3.110,0.400,0.000,below_cutoff,self_consumption,100,29,False
2026-06-05 17:00,summer,4.0,3.7,5.1,95,95,24.790,1.080,1.460,0.000,0.000,below_cutoff,self_consumption,100,30,False
2026-06-05 18:00,summer,3.9,3.6,5.0,95,91,2.490,0.680,3.780,0.000,0.800,below_cutoff,self_consumption,100,29,False
2026-06-05 19:00,summer,3.3,3.4,4.8,91,88,3.030,0.360,3.970,0.000,0.600,below_cutoff,self_consumption,100,30,False
2026-06-05 20:00,summer,6.8,3.5,4.9,88,84,0.200,0.010,1.000,0.000,0.800,above_cutoff,self_consumption,55,29,False
2026-06-05 21:00,summer,4.0,3.5,5.1,84,80,0.540,0.000,1.150,0.000,0.800,below_cutoff,self_consumption,100,30,False
2026-06-05 22:00,summer,4.3,3.6,5.3,80,76,0.890,0.000,1.720,0.000,0.800,below_cutoff,self_consumption,100,29,False
2026-06-05 23:00,summer,2.6,3.6,6.1,76,76,1.780,0.000,1.690,0.000,0.000,below_cutoff,self_consumption,100,30,False
2026-06-06 00:00,summer,2.6,3.6,7.0,76,76,1.780,0.000,1.700,0.000,0.000,below_cutoff,self_consumption,100,29,False
2026-06-06 01:00,summer,2.3,3.6,7.0,76,76,2.200,0.000,2.100,0.000,0.000,below_cutoff,self_consumption,100,30,False
2026-06-06 02:00,summer,1.9,3.6,7.0,76,76,4.070,0.000,3.980,0.000,0.000,below_cutoff,self_consumption,100,30,False
2026-06-06 03:00,summer,1.9,3.6,7.0,76,76,1.920,0.000,1.830,0.000,0.000,below_cutoff,self_consumption,100,29,False
2026-06-06 04:00,summer,1.9,3.6,7.0,76,76,1.480,0.000,1.390,0.000,0.000,below_cutoff,self_consumption,100,30,False
2026-06-06 05:00,summer,2.0,3.6,7.0,76,76,1.140,0.020,1.080,0.000,0.000,below_cutoff,self_consumption,100,29,False
2026-06-06 06:00,summer,2.2,3.6,6.2,76,76,0.450,0.230,0.590,0.000,0.000,below_cutoff,self_consumption,100,30,False
2026-06-06 07:00,summer,3.0,3.6,6.2,76,77,0.180,0.880,0.740,0.200,0.000,below_cutoff,self_consumption,100,30,False
2026-06-06 08:00,summer,2.9,3.6,6.2,77,79,0.250,1.540,1.320,0.400,0.000,below_cutoff,self_consumption,100,29,False
2026-06-06 09:00,summer,9.6,3.7,6.4,79,83,0.060,3.600,2.700,0.800,0.000,above_cutoff,self_consumption,29,29,False
2026-06-06 10:00,summer,4.9,3.6,6.7,83,89,0.100,3.740,2.370,1.200,0.000,below_cutoff,self_consumption,100,30,False
2026-06-06 11:00,summer,3.0,3.7,7.2,89,92,0.640,5.130,4.670,0.600,0.000,below_cutoff,self_consumption,100,30,False
2026-06-06 12:00,summer,3.7,3.6,7.3,92,95,-13.120,3.800,2.110,0.600,0.000,below_cutoff,self_consumption,100,29,False
2026-06-06 13:00,summer,3.5,3.6,7.1,95,95,14.530,3.410,3.950,0.000,0.000,below_cutoff,self_consumption,100,30,False
2026-06-06 14:00,summer,5.9,3.8,6.8,95,93,1.390,2.080,3.650,0.000,0.400,below_cutoff,self_consumption,100,29,False
2026-06-06 15:00,summer,11.4,3.8,6.3,93,95,-14.680,3.510,2.230,0.400,0.000,above_cutoff,self_consumption,34,30,False
2026-06-06 16:00,summer,8.7,3.9,6.2,95,100,1.750,2.890,0.910,1.000,0.000,above_cutoff,self_consumption,48,29,False
2026-06-06 17:00,summer,4.3,4.0,6.1,100,100,14.010,2.590,3.220,0.000,0.000,below_cutoff,self_consumption,100,30,False
2026-06-06 18:00,summer,3.7,3.9,6.1,100,100,2.370,0.920,3.210,0.000,0.000,below_cutoff,self_consumption,100,29,False
2026-06-06 19:00,summer,4.4,4.0,6.1,100,97,3.030,0.230,3.640,0.000,0.600,below_cutoff,self_consumption,100,30,False
2026-06-06 20:00,summer,3.7,3.8,6.0,97,97,2.580,0.000,2.490,0.000,0.000,below_cutoff,self_consumption,100,29,False
2026-06-06 21:00,summer,3.8,3.8,6.0,97,96,1.400,0.000,1.520,0.000,0.200,below_cutoff,self_consumption,100,30,False
2026-06-06 22:00,summer,3.1,3.8,6.0,96,96,9.530,0.000,9.450,0.000,0.000,below_cutoff,self_consumption,100,29,False
2026-06-06 23:00,summer,2.6,3.8,6.8,96,96,10.570,0.000,10.480,0.000,0.000,below_cutoff,self_consumption,100,30,False
2026-06-07 00:00,summer,2.3,3.8,6.8,96,96,8.320,0.000,8.230,0.000,0.000,below_cutoff,self_consumption,100,29,False
2026-06-07 01:00,summer,1.9,3.8,6.8,96,96,8.690,0.000,8.600,0.000,0.000,below_cutoff,self_consumption,100,30,False
2026-06-07 02:00,summer,2.2,3.8,6.8,96,96,4.460,0.000,4.380,0.000,0.000,below_cutoff,self_consumption,100,29,False
2026-06-07 03:00,summer,2.0,3.8,6.8,96,96,2.440,0.000,2.340,0.000,0.000,below_cutoff,self_consumption,100,30,False
2026-06-07 04:00,summer,2.0,3.8,6.8,96,96,2.090,0.000,2.010,0.000,0.000,below_cutoff,self_consumption,100,29,False
2026-06-07 05:00,summer,1.9,3.8,6.8,96,96,0.530,0.070,0.510,0.000,0.000,below_cutoff,self_consumption,100,30,False
2026-06-07 06:00,summer,1.9,3.8,6.0,96,96,0.180,0.530,0.590,0.000,0.000,below_cutoff,self_consumption,100,30,False
2026-06-07 07:00,summer,1.9,3.8,6.0,96,97,0.020,1.340,0.760,0.200,0.000,below_cutoff,self_consumption,100,29,False
2026-06-07 08:00,summer,2.3,3.8,6.1,97,100,-26.480,2.550,0.770,0.600,0.000,below_cutoff,self_consumption,100,30,False
2026-06-07 09:00,summer,3.1,3.7,6.3,100,100,2.450,3.880,1.460,0.000,0.000,below_cutoff,self_consumption,100,29,False
2026-06-07 10:00,summer,3.0,3.7,6.7,100,100,2.380,4.970,2.580,0.000,0.000,below_cutoff,self_consumption,100,30,False
2026-06-07 11:00,summer,3.9,3.7,7.2,100,100,2.510,5.360,3.320,0.000,0.000,below_cutoff,self_consumption,100,29,False
2026-06-07 12:00,summer,4.5,3.7,7.4,100,100,3.850,4.780,0.870,0.000,0.000,below_cutoff,self_consumption,100,30,False
2026-06-07 13:00,summer,5.2,3.7,7.2,100,100,2.560,3.330,0.780,0.000,0.000,below_cutoff,self_consumption,100,29,False
2026-06-07 14:00,summer,5.9,3.7,6.7,100,100,1.490,2.230,0.680,0.000,0.000,below_cutoff,self_consumption,100,30,False
2026-06-07 15:00,summer,7.5,3.5,6.1,100,100,1.360,1.940,0.600,0.000,0.000,above_cutoff,self_consumption,55,29,False
2026-06-07 16:00,summer,4.9,3.5,5.9,100,100,0.430,1.050,0.570,0.000,0.000,below_cutoff,self_consumption,100,30,False
2026-06-07 17:00,summer,3.4,3.3,5.7,100,100,9.260,1.140,0.550,0.000,0.000,below_cutoff,self_consumption,100,29,False
2026-06-07 18:00,summer,4.5,3.3,5.6,100,100,0.140,0.330,0.360,0.000,0.000,below_cutoff,self_consumption,100,30,False
2026-06-07 19:00,summer,4.5,3.3,5.6,100,100,0.000,0.090,0.570,0.000,0.000,STARTUP,self_consumption,100,0,False
2026-06-07 19:00,summer,3.4,3.2,5.6,100,100,0.200,0.020,0.190,0.000,0.000,below_cutoff,self_consumption,100,13,False
2026-06-07 20:00,summer,3.2,3.0,5.4,100,100,0.510,0.000,0.430,0.000,0.000,below_cutoff,self_consumption,100,30,False
2026-06-07 21:00,summer,3.2,2.8,5.3,100,100,0.600,0.000,0.510,0.000,0.000,below_cutoff,self_consumption,100,30,False
2026-06-07 22:00,summer,2.1,2.8,5.3,100,100,0.530,0.000,0.440,0.000,0.000,below_cutoff,self_consumption,100,29,False
2026-06-07 23:00,summer,2.4,2.8,6.1,100,100,0.580,0.000,0.490,0.000,0.000,below_cutoff,self_consumption,100,30,False
2026-06-08 00:00,summer,2.4,2.8,5.2,100,100,1.170,0.000,1.080,0.000,0.000,below_cutoff,self_consumption,100,29,False
2026-06-08 01:00,summer,2.1,2.8,5.2,100,100,3.040,0.000,2.950,0.000,0.000,below_cutoff,self_consumption,100,30,False
2026-06-08 02:00,summer,1.6,2.8,5.2,100,100,1.800,0.000,1.710,0.000,0.000,below_cutoff,self_consumption,100,30,False
2026-06-08 03:00,summer,1.4,2.8,5.2,100,100,2.880,0.000,2.780,0.000,0.000,below_cutoff,self_consumption,100,29,False
2026-06-08 04:00,summer,1.9,2.8,5.2,100,98,1.480,0.000,1.640,0.000,0.400,below_cutoff,self_consumption,100,30,False
2026-06-08 05:00,summer,2.9,2.9,5.3,98,98,0.570,0.000,0.480,0.000,0.000,below_cutoff,self_consumption,100,29,False
2026-06-08 06:00,summer,3.5,3.0,4.6,98,98,0.340,0.170,0.420,0.000,0.000,below_cutoff,self_consumption,100,30,False
2026-06-08 07:00,summer,3.4,3.1,4.6,98,98,0.110,0.550,0.530,0.000,0.000,below_cutoff,self_consumption,100,29,False
2026-06-08 08:00,summer,4.3,3.3,4.9,98,100,-10.560,2.530,0.590,0.400,0.000,below_cutoff,self_consumption,100,30,False
2026-06-08 09:00,summer,6.5,3.4,5.2,100,100,1.560,2.210,0.670,0.000,0.000,above_cutoff,self_consumption,45,29,False
2026-06-08 10:00,summer,4.2,3.6,5.8,100,100,2.220,2.910,0.640,0.000,0.000,below_cutoff,self_consumption,100,30,False
2026-06-08 11:00,summer,12.1,3.7,6.3,100,100,2.450,3.030,0.610,0.000,0.000,above_cutoff,self_consumption,28,29,False
2026-06-08 12:00,summer,6.0,3.7,6.5,100,100,2.430,3.060,0.570,0.000,0.000,below_cutoff,self_consumption,100,30,False
2026-06-08 13:00,summer,5.9,3.7,6.3,100,100,1.020,1.700,0.690,0.000,0.000,above_cutoff,self_consumption,55,29,False
2026-06-08 14:00,summer,6.2,3.8,5.9,98,97,0.340,2.950,3.460,0.000,0.200,below_cutoff,self_consumption,100,30,False
2026-06-08 15:00,summer,9.5,3.8,5.5,97,85,0.030,0.940,3.350,0.000,2.400,above_cutoff,self_consumption,40,29,False
2026-06-08 16:00,summer,3.0,3.8,5.2,85,86,0.010,0.800,0.510,0.200,0.000,below_cutoff,self_consumption,100,30,False
2026-06-08 17:00,summer,14.2,3.9,5.2,86,88,0.020,1.540,0.530,0.400,0.000,above_cutoff,self_consumption,31,29,False
2026-06-08 18:00,summer,16.4,4.0,5.3,88,88,0.000,0.690,0.600,0.000,0.000,above_cutoff,self_consumption,29,30,False
2026-06-08 19:00,summer,8.4,4.5,5.8,88,80,0.020,0.250,1.710,0.000,1.600,above_cutoff,self_consumption,51,29,False
2026-06-08 20:00,summer,9.0,5.0,6.5,80,68,0.030,0.010,2.430,0.000,2.400,above_cutoff,self_consumption,45,29,False
2026-06-08 21:00,summer,11.4,5.4,7.3,68,54,0.010,0.000,2.610,0.000,2.800,above_cutoff,self_consumption,34,30,False
2026-06-08 22:00,summer,3.5,5.4,7.4,53,50,3.640,0.000,4.060,0.000,0.600,below_cutoff,self_consumption,100,29,False
2026-06-08 23:00,summer,3.5,5.4,8.2,50,50,2.360,0.000,2.280,0.000,0.000,below_cutoff,self_consumption,100,30,False
2026-06-09 00:00,summer,3.3,5.4,8.2,50,50,2.280,0.000,2.200,0.000,0.000,below_cutoff,self_consumption,100,29,False
2026-06-09 01:00,summer,2.6,5.4,8.2,50,50,4.420,0.000,4.320,0.000,0.000,below_cutoff,self_consumption,100,30,False
2026-06-09 02:00,summer,2.7,5.4,8.2,50,50,4.260,0.000,4.180,0.000,0.000,below_cutoff,self_consumption,100,30,False
2026-06-09 03:00,summer,2.6,5.4,8.2,50,50,2.340,0.000,2.250,0.000,0.000,below_cutoff,self_consumption,100,29,False
2026-06-09 04:00,summer,3.1,5.4,8.2,50,50,1.640,0.000,1.550,0.000,0.000,below_cutoff,self_consumption,100,30,False
2026-06-09 05:00,summer,3.5,5.4,8.2,50,50,1.450,0.000,1.370,0.000,0.000,below_cutoff,self_consumption,100,29,False
2026-06-09 06:00,summer,5.9,5.5,7.5,50,50,1.460,0.080,1.450,0.000,0.000,below_cutoff,self_consumption,100,30,False
2026-06-09 07:00,summer,6.4,5.8,7.7,50,50,1.360,0.440,1.660,0.000,0.000,below_cutoff,self_consumption,100,30,False
2026-06-09 08:00,summer,7.3,5.9,7.8,50,51,0.240,1.050,0.950,0.200,0.000,below_cutoff,self_consumption,100,29,False
2026-06-09 09:00,summer,10.0,6.1,8.0,52,58,0.020,2.270,0.550,1.200,0.000,above_cutoff,self_consumption,25,30,False
2026-06-09 10:00,summer,5.8,6.3,8.3,58,65,0.430,2.000,1.400,1.400,0.000,below_cutoff,self_consumption,100,29,False
2026-06-09 11:00,summer,5.3,6.1,8.7,65,65,-20.420,2.700,4.440,0.000,0.000,below_cutoff,self_consumption,100,30,False
2026-06-09 12:00,summer,10.6,6.4,8.6,65,78,0.110,3.480,1.770,2.600,0.000,above_cutoff,self_consumption,29,29,False
2026-06-09 13:00,summer,9.0,6.7,8.5,79,82,22.340,4.470,3.610,0.600,0.000,above_cutoff,self_consumption,45,29,False
2026-06-09 14:00,summer,14.5,7.6,8.7,82,78,0.500,3.060,4.320,0.000,0.800,above_cutoff,self_consumption,31,30,False
2026-06-09 15:00,summer,23.9,7.6,8.4,77,74,0.250,3.370,4.090,0.000,0.600,above_cutoff,self_consumption,21,29,False
2026-06-09 16:00,summer,12.2,7.9,8.3,74,76,0.010,3.350,2.730,0.400,0.000,above_cutoff,self_consumption,33,30,False
2026-06-09 17:00,summer,7.1,7.8,8.1,76,79,0.640,2.410,2.210,0.600,0.000,below_cutoff,self_consumption,100,29,False
2026-06-09 18:00,summer,33.7,8.0,8.3,79,76,0.360,1.070,1.950,0.000,0.600,above_cutoff,self_consumption,15,30,False
2026-06-09 19:00,summer,44.6,8.6,8.9,76,73,0.000,0.110,0.610,0.000,0.600,above_cutoff,self_consumption,15,29,False
2026-06-09 20:00,summer,23.0,9.2,9.9,73,55,0.010,0.000,3.700,0.000,3.600,above_cutoff,self_consumption,22,30,False
2026-06-09 21:00,summer,11.7,9.6,10.7,54,38,0.520,0.000,3.360,0.000,3.200,above_cutoff,self_consumption,33,29,False
2026-06-09 22:00,summer,8.1,10.3,11.4,38,33,1.520,0.000,2.160,0.000,1.000,below_cutoff,self_consumption,100,30,False
2026-06-09 23:00,summer,4.4,10.3,12.0,33,33,1.460,0.000,1.380,0.000,0.000,below_cutoff,self_consumption,100,29,False
2026-06-10 00:00,summer,4.1,10.3,12.0,33,33,5.100,0.000,5.020,0.000,0.000,below_cutoff,self_consumption,100,30,False
2026-06-10 01:00,summer,2.4,10.3,12.0,33,33,2.920,0.000,2.830,0.000,0.000,below_cutoff,self_consumption,100,29,False
2026-06-10 02:00,summer,2.0,10.3,12.0,33,33,4.880,0.000,4.790,0.000,0.000,below_cutoff,self_consumption,100,30,False
2026-06-10 03:00,summer,1.9,10.3,12.0,33,33,2.410,0.000,2.330,0.000,0.000,below_cutoff,self_consumption,100,30,False
2026-06-10 04:00,summer,-0.4,10.3,12.0,33,33,1.210,0.000,1.120,0.000,0.000,below_cutoff,self_consumption,100,29,False
2026-06-10 05:00,summer,2.8,10.3,12.0,33,33,0.600,0.050,0.560,0.000,0.000,below_cutoff,self_consumption,100,30,False
2026-06-10 06:00,summer,3.1,10.3,11.4,33,33,0.720,0.240,0.870,0.000,0.000,below_cutoff,self_consumption,100,29,False
2026-06-10 07:00,summer,2.9,10.3,11.4,33,33,1.620,0.920,2.450,0.000,0.000,below_cutoff,self_consumption,100,30,False
2026-06-10 08:00,summer,1.2,10.3,11.4,33,34,1.720,2.690,4.220,0.200,0.000,below_cutoff,self_consumption,100,30,False
2026-06-10 09:00,summer,2.6,9.6,11.2,34,34,6.680,3.630,10.240,0.000,0.000,below_cutoff,self_consumption,100,29,False
2026-06-10 10:00,summer,8.3,10.1,11.8,34,40,0.210,3.430,2.130,1.200,0.000,below_cutoff,self_consumption,100,30,False
2026-06-10 11:00,summer,15.6,10.4,12.0,40,55,0.030,4.400,0.990,3.000,0.000,above_cutoff,self_consumption,24,29,False
2026-06-10 12:00,summer,10.8,10.3,12.0,55,56,0.720,4.650,4.950,0.200,0.000,below_cutoff,self_consumption,100,30,False
2026-06-10 13:00,summer,35.2,10.4,11.8,56,61,0.300,4.800,3.790,1.000,0.000,above_cutoff,self_consumption,15,29,False
2026-06-10 14:00,summer,5.9,10.2,11.2,61,61,1.900,2.560,4.390,0.000,0.000,below_cutoff,self_consumption,100,30,False
2026-06-10 15:00,summer,5.9,9.8,10.5,61,61,2.790,0.050,2.760,0.000,0.000,below_cutoff,self_consumption,100,29,False
2026-06-10 16:00,summer,5.9,9.5,10.1,61,61,1.960,0.000,1.860,0.000,0.000,below_cutoff,self_consumption,100,30,False
2026-06-10 17:00,summer,5.9,9.8,10.2,61,61,1.880,0.210,1.980,0.000,0.000,below_cutoff,self_consumption,100,30,False
2026-06-10 18:00,summer,5.9,8.0,8.9,61,61,0.820,0.450,1.140,0.000,0.000,below_cutoff,self_consumption,100,29,False
2026-06-10 19:00,summer,5.9,6.2,7.7,61,61,0.400,0.180,0.470,0.000,0.000,below_cutoff,self_consumption,100,30,False
2026-06-10 20:00,summer,5.9,5.3,7.0,61,61,1.970,0.000,1.890,0.000,0.000,below_cutoff,self_consumption,100,29,False
2026-06-10 21:00,summer,5.9,4.3,6.4,61,61,3.340,0.000,3.250,0.000,0.000,below_cutoff,self_consumption,100,30,False
2026-06-10 22:00,summer,4.2,3.9,6.1,61,60,0.710,0.000,0.880,0.000,0.200,below_cutoff,self_consumption,100,29,False
2026-06-10 23:00,summer,4.2,3.8,6.8,60,60,1.730,0.000,1.640,0.000,0.000,STARTUP,self_consumption,100,0,False
2026-06-10 23:00,summer,-1.6,3.8,6.8,60,60,1.650,0.000,1.570,0.000,0.000,below_cutoff,self_consumption,100,30,False
2026-06-11 00:00,summer,1.1,3.6,6.7,60,60,1.470,0.000,1.390,0.000,0.000,below_cutoff,self_consumption,100,29,False
2026-06-11 01:00,summer,1.8,3.6,6.7,60,60,2.160,0.000,2.070,0.000,0.000,below_cutoff,self_consumption,100,30,False
2026-06-11 02:00,summer,2.0,3.8,6.8,60,60,4.450,0.000,4.360,0.000,0.000,below_cutoff,self_consumption,100,23,False
2026-06-11 03:00,summer,1.7,3.8,6.8,60,60,2.410,0.000,2.320,0.000,0.000,below_cutoff,self_consumption,100,30,False
2026-06-11 04:00,summer,1.9,3.8,6.8,60,60,1.540,0.000,1.450,0.000,0.000,below_cutoff,self_consumption,100,30,False
2026-06-11 05:00,summer,1.8,3.6,6.7,60,60,1.480,0.050,1.460,0.000,0.000,below_cutoff,self_consumption,100,29,False
2026-06-11 06:00,summer,2.2,3.5,5.8,60,60,1.150,0.350,1.410,0.000,0.000,below_cutoff,self_consumption,100,30,False
2026-06-11 07:00,summer,2.4,3.0,5.5,60,60,1.240,1.000,2.140,0.000,0.000,below_cutoff,self_consumption,100,29,False
2026-06-11 08:00,summer,10.8,3.6,6.0,60,61,0.410,2.550,2.550,0.200,0.000,above_cutoff,self_consumption,24,30,False
2026-06-11 09:00,summer,26.6,4.6,6.6,61,71,0.010,3.910,1.780,2.000,0.000,above_cutoff,self_consumption,8,29,False
2026-06-11 10:00,summer,9.7,4.4,6.7,72,75,0.140,4.700,3.970,0.600,0.000,above_cutoff,self_consumption,28,30,False
2026-06-11 11:00,summer,22.5,4.7,7.4,75,76,0.030,4.340,3.970,0.200,0.000,above_cutoff,self_consumption,18,29,False
2026-06-11 12:00,summer,26.5,5.7,8.4,76,74,0.000,0.990,1.400,0.000,0.400,above_cutoff,self_consumption,13,29,False
2026-06-11 13:00,summer,4.0,5.2,7.9,74,73,2.630,0.260,2.840,0.000,0.200,below_cutoff,self_consumption,100,30,False
2026-06-11 14:00,summer,4.3,4.9,7.2,73,73,2.590,1.280,3.790,0.000,0.000,below_cutoff,self_consumption,100,29,False
2026-06-11 15:00,summer,2.1,4.6,6.6,73,73,2.000,2.290,4.350,0.000,0.000,below_cutoff,self_consumption,100,30,False
2026-06-11 16:00,summer,4.0,4.5,6.2,73,73,2.640,1.060,3.600,0.000,0.000,below_cutoff,self_consumption,100,29,False
2026-06-11 17:00,summer,2.4,4.4,6.1,73,73,3.220,0.570,3.700,0.000,0.000,below_cutoff,self_consumption,100,30,False
2026-06-11 18:00,summer,-3.1,4.2,5.9,73,73,3.490,0.090,3.480,0.000,0.000,below_cutoff,self_consumption,100,30,False
2026-06-11 19:00,summer,-4.7,4.1,5.9,73,73,10.410,0.000,10.320,0.000,0.000,below_cutoff,self_consumption,100,29,False
2026-06-11 20:00,summer,2.9,3.8,5.7,73,73,0.860,0.000,0.760,0.000,0.000,below_cutoff,self_consumption,100,30,False
2026-06-11 21:00,summer,3.1,3.6,5.6,73,73,0.710,0.000,0.630,0.000,0.000,below_cutoff,self_consumption,100,29,False
2026-06-11 22:00,summer,3.1,3.6,5.6,73,73,0.740,0.000,0.650,0.000,0.000,below_cutoff,self_consumption,100,30,False
2026-06-11 23:00,summer,3.7,3.6,6.4,73,73,0.570,0.000,0.480,0.000,0.000,below_cutoff,self_consumption,100,30,False
2026-06-12 00:00,summer,3.1,3.6,6.4,73,73,0.760,0.000,0.670,0.000,0.000,below_cutoff,self_consumption,100,29,False
2026-06-12 01:00,summer,2.2,3.6,6.4,73,73,2.840,0.000,2.750,0.000,0.000,below_cutoff,self_consumption,100,30,False
2026-06-12 02:00,summer,2.2,3.6,6.3,73,73,1.870,0.000,1.780,0.000,0.000,below_cutoff,self_consumption,100,29,False
2026-06-12 03:00,summer,2.5,3.6,6.3,73,73,0.580,0.000,0.490,0.000,0.000,below_cutoff,self_consumption,100,30,False
2026-06-12 04:00,summer,2.9,3.6,6.3,73,73,0.620,0.000,0.540,0.000,0.000,below_cutoff,self_consumption,100,30,False
2026-06-12 05:00,summer,3.1,3.6,6.3,73,73,0.550,0.020,0.480,0.000,0.000,below_cutoff,self_consumption,100,29,False
2026-06-12 06:00,summer,2.9,3.6,5.6,73,73,0.710,0.140,0.760,0.000,0.000,below_cutoff,self_consumption,100,30,False
2026-06-12 07:00,summer,3.5,3.6,5.5,73,75,1.590,0.710,1.870,0.400,0.000,below_cutoff,self_consumption,100,29,False
2026-06-12 08:00,summer,4.1,3.6,5.3,75,85,0.000,2.890,0.590,2.000,0.000,below_cutoff,self_consumption,100,30,False
2026-06-12 09:00,summer,4.1,3.5,5.4,86,95,-8.590,4.140,0.680,1.800,0.000,below_cutoff,self_consumption,100,30,False
2026-06-12 10:00,summer,2.8,3.2,5.7,95,95,3.270,4.870,0.820,0.000,0.000,below_cutoff,self_consumption,100,29,False
2026-06-12 11:00,summer,2.7,3.1,6.1,95,96,2.520,5.650,2.460,0.200,0.000,below_cutoff,self_consumption,100,30,False
2026-06-12 12:00,summer,4.8,3.0,6.2,96,100,1.360,5.710,3.850,0.800,0.000,below_cutoff,self_consumption,100,29,False
2026-06-12 13:00,summer,10.7,3.1,6.0,100,100,3.620,5.920,2.250,0.000,0.000,above_cutoff,self_consumption,34,30,False
2026-06-12 14:00,summer,6.6,3.1,5.5,100,100,4.140,5.310,1.130,0.000,0.000,above_cutoff,self_consumption,55,29,False
2026-06-12 15:00,summer,6.3,3.2,5.2,100,100,2.570,4.880,2.280,0.000,0.000,above_cutoff,self_consumption,55,30,False
2026-06-12 16:00,summer,6.2,3.3,5.0,100,96,0.020,2.850,2.210,0.000,0.800,above_cutoff,self_consumption,55,29,False
2026-06-12 17:00,summer,6.0,3.6,5.1,96,94,0.030,2.600,1.960,0.000,0.400,above_cutoff,self_consumption,55,30,False
2026-06-12 18:00,summer,8.1,4.0,5.3,93,89,0.020,1.010,1.940,0.000,0.800,above_cutoff,self_consumption,54,29,False
2026-06-12 19:00,summer,6.8,5.3,6.5,88,71,0.020,0.200,3.750,0.000,3.400,above_cutoff,self_consumption,55,30,False
2026-06-12 20:00,summer,6.1,5.7,7.1,70,63,0.230,0.000,1.650,0.000,1.400,below_cutoff,self_consumption,100,29,False
2026-06-12 21:00,summer,4.3,5.7,7.1,63,63,1.390,0.000,1.300,0.000,0.000,below_cutoff,self_consumption,100,30,False
2026-06-12 22:00,summer,3.4,5.7,7.1,63,63,4.130,0.000,4.040,0.000,0.000,below_cutoff,self_consumption,100,29,False
2026-06-12 23:00,summer,3.9,5.7,7.9,63,63,2.680,0.000,2.590,0.000,0.000,below_cutoff,self_consumption,100,30,False
2026-06-13 00:00,summer,3.2,5.7,8.8,63,63,1.460,0.000,1.370,0.000,0.000,below_cutoff,self_consumption,100,30,False
2026-06-13 01:00,summer,2.4,5.7,8.8,63,63,1.360,0.000,1.280,0.000,0.000,below_cutoff,self_consumption,100,29,False
2026-06-13 02:00,summer,2.3,5.7,8.8,63,63,0.540,0.000,0.450,0.000,0.000,below_cutoff,self_consumption,100,30,False
2026-06-13 03:00,summer,2.0,5.7,8.8,63,63,1.470,0.000,1.380,0.000,0.000,below_cutoff,self_consumption,100,29,False
2026-06-13 04:00,summer,2.2,5.7,8.8,63,63,0.510,0.000,0.420,0.000,0.000,below_cutoff,self_consumption,100,30,False
2026-06-13 05:00,summer,2.0,5.7,8.8,63,63,0.630,0.030,0.560,0.000,0.000,below_cutoff,self_consumption,100,30,False
2026-06-13 06:00,summer,1.9,5.7,8.0,63,63,0.370,0.220,0.510,0.000,0.000,below_cutoff,self_consumption,100,29,False
2026-06-13 07:00,summer,1.9,5.7,7.9,63,65,0.250,0.860,0.610,0.400,0.000,below_cutoff,self_consumption,100,30,False
2026-06-13 08:00,summer,2.3,5.7,8.0,65,65,1.120,2.700,3.740,0.000,0.000,below_cutoff,self_consumption,100,29,False
2026-06-13 09:00,summer,2.3,5.6,8.2,65,65,0.130,4.080,4.060,0.000,0.000,below_cutoff,self_consumption,100,30,False
2026-06-13 10:00,summer,2.5,5.6,8.0,66,88,0.010,5.030,0.760,4.400,0.000,below_cutoff,self_consumption,100,30,False
2026-06-13 11:00,summer,2.7,5.6,8.5,89,95,-4.780,5.490,0.680,1.200,0.000,below_cutoff,self_consumption,100,29,False
2026-06-13 12:00,summer,2.8,5.5,8.6,95,95,3.270,5.370,1.400,0.000,0.000,below_cutoff,self_consumption,100,30,False
2026-06-13 13:00,summer,3.6,4.8,7.9,95,100,1.320,4.680,2.860,1.000,0.000,below_cutoff,self_consumption,100,29,False
2026-06-13 14:00,summer,7.2,4.4,7.2,100,100,1.990,4.320,2.380,0.000,0.000,above_cutoff,self_consumption,55,30,False
2026-06-13 15:00,summer,7.2,4.2,6.6,100,100,2.000,3.510,1.520,0.000,0.000,above_cutoff,self_consumption,55,29,False
2026-06-13 16:00,summer,13.5,4.2,6.4,100,95,-4.160,2.830,2.700,0.000,1.000,above_cutoff,self_consumption,32,30,False
2026-06-13 17:00,summer,10.3,4.2,6.3,95,94,0.020,1.510,1.620,0.000,0.200,above_cutoff,self_consumption,35,29,False
2026-06-13 18:00,summer,17.5,4.2,6.3,94,95,0.010,1.110,0.610,0.200,0.000,above_cutoff,self_consumption,28,29,False
2026-06-13 19:00,summer,8.9,4.1,6.4,95,79,0.010,0.320,3.420,0.000,3.200,above_cutoff,self_consumption,46,30,False
2026-06-13 20:00,summer,3.7,3.9,6.4,79,77,4.280,0.000,4.620,0.000,0.400,below_cutoff,self_consumption,100,29,False
2026-06-13 21:00,summer,3.8,3.9,6.4,77,77,5.190,0.000,5.110,0.000,0.000,below_cutoff,self_consumption,100,30,False
2026-06-13 22:00,summer,3.5,3.9,6.4,77,77,4.400,0.000,4.320,0.000,0.000,below_cutoff,self_consumption,100,29,False
2026-06-13 23:00,summer,4.3,3.9,7.2,77,75,1.820,0.000,2.090,0.000,0.400,below_cutoff,self_consumption,100,30,False
2026-06-14 00:00,summer,4.1,3.9,7.2,75,75,2.620,0.000,2.530,0.000,0.000,below_cutoff,self_consumption,100,30,False
2026-06-14 01:00,summer,2.8,3.9,7.2,75,75,4.770,0.000,4.690,0.000,0.000,below_cutoff,self_consumption,100,29,False
2026-06-14 02:00,summer,3.4,3.9,7.2,75,75,4.260,0.000,4.170,0.000,0.000,below_cutoff,self_consumption,100,30,False
2026-06-14 03:00,summer,2.4,3.9,7.2,75,75,1.430,0.000,1.340,0.000,0.000,below_cutoff,self_consumption,100,29,False
2026-06-14 04:00,summer,2.8,3.9,7.2,75,75,1.450,0.000,1.360,0.000,0.000,below_cutoff,self_consumption,100,30,False
2026-06-14 05:00,summer,2.1,3.9,7.2,75,75,1.520,0.000,1.440,0.000,0.000,below_cutoff,self_consumption,100,30,False
2026-06-14 06:00,summer,0.9,3.9,6.4,75,75,0.980,0.020,0.920,0.000,0.000,below_cutoff,self_consumption,100,29,False
2026-06-14 07:00,summer,0.9,3.9,6.5,75,75,1.040,0.100,1.050,0.000,0.000,below_cutoff,self_consumption,100,30,False
2026-06-14 08:00,summer,1.5,3.9,6.6,75,75,0.400,0.550,0.850,0.000,0.000,below_cutoff,self_consumption,100,29,False
2026-06-14 09:00,summer,2.8,3.9,6.7,76,78,0.020,1.460,0.840,0.400,0.000,below_cutoff,self_consumption,100,30,False
2026-06-14 10:00,summer,6.0,4.0,6.9,78,85,0.040,2.630,1.170,1.400,0.000,below_cutoff,self_consumption,100,29,False
2026-06-14 11:00,summer,4.5,4.0,7.5,85,89,0.060,2.730,1.660,0.800,0.000,below_cutoff,self_consumption,100,30,False
2026-06-14 12:00,summer,2.8,4.0,7.7,90,94,0.080,3.160,2.080,0.800,0.000,below_cutoff,self_consumption,100,30,False
2026-06-14 13:00,summer,6.3,4.1,7.5,94,91,0.760,1.830,3.230,0.000,0.600,below_cutoff,self_consumption,100,29,False
2026-06-14 14:00,summer,2.0,4.0,7.0,91,93,0.160,2.360,1.870,0.400,0.000,below_cutoff,self_consumption,100,30,False
2026-06-14 15:00,summer,0.5,3.8,6.4,94,96,-17.670,4.010,0.980,0.400,0.000,below_cutoff,self_consumption,100,29,False
2026-06-14 16:00,summer,-0.6,3.5,6.0,97,100,17.970,3.810,3.160,0.600,0.000,below_cutoff,self_consumption,100,30,False
2026-06-14 17:00,summer,1.6,3.3,5.7,100,100,0.340,2.760,1.910,0.000,0.000,below_cutoff,self_consumption,100,29,False
2026-06-14 18:00,summer,3.4,3.0,5.5,100,100,3.300,0.770,3.980,0.000,0.000,below_cutoff,self_consumption,100,30,False
2026-06-14 19:00,summer,8.0,3.0,5.5,100,97,0.530,0.260,1.180,0.000,0.600,above_cutoff,self_consumption,55,29,False
2026-06-14 20:00,summer,4.9,3.1,5.5,97,90,0.080,0.020,1.540,0.000,1.400,below_cutoff,self_consumption,100,30,False
2026-06-14 21:00,summer,3.4,3.1,5.5,90,90,1.070,0.000,0.990,0.000,0.000,below_cutoff,self_consumption,100,29,False
2026-06-14 22:00,summer,2.8,3.0,5.5,90,90,0.680,0.000,0.590,0.000,0.000,below_cutoff,self_consumption,100,30,False
2026-06-14 23:00,summer,2.8,2.9,6.2,90,90,0.960,0.000,0.870,0.000,0.000,below_cutoff,self_consumption,100,29,False
2026-06-15 00:00,summer,2.7,2.9,5.3,90,90,3.090,0.000,3.010,0.000,0.000,below_cutoff,self_consumption,100,30,False
2026-06-15 01:00,summer,2.5,2.9,5.3,90,90,1.250,0.000,1.170,0.000,0.000,below_cutoff,self_consumption,100,29,False
2026-06-15 02:00,summer,2.3,2.8,5.2,90,90,0.720,0.000,0.630,0.000,0.000,below_cutoff,self_consumption,100,30,False
2026-06-15 03:00,summer,2.8,2.8,5.3,90,90,0.570,0.000,0.480,0.000,0.000,below_cutoff,self_consumption,100,30,False
2026-06-15 04:00,summer,2.8,2.8,5.2,90,90,0.610,0.000,0.520,0.000,0.000,below_cutoff,self_consumption,100,29,False
2026-06-15 05:00,summer,2.7,2.8,5.3,90,90,1.380,0.000,1.300,0.000,0.000,below_cutoff,self_consumption,100,30,False
2026-06-15 06:00,summer,2.6,2.9,4.5,90,90,1.300,0.160,1.380,0.000,0.000,below_cutoff,self_consumption,100,29,False
2026-06-15 07:00,summer,2.1,2.9,4.5,90,91,0.970,0.780,1.600,0.200,0.000,below_cutoff,self_consumption,100,30,False
2026-06-15 08:00,summer,2.3,2.8,4.6,91,95,-10.020,2.950,1.660,0.800,0.000,below_cutoff,self_consumption,100,30,False
2026-06-15 09:00,summer,2.7,2.8,4.8,95,95,9.990,4.070,1.600,0.000,0.000,below_cutoff,self_consumption,100,29,False
2026-06-15 10:00,summer,2.8,2.8,5.2,95,100,0.040,5.090,4.500,1.000,0.000,below_cutoff,self_consumption,100,30,False
2026-06-15 11:00,summer,2.7,2.8,5.7,100,100,-6.390,3.990,3.100,0.000,0.000,below_cutoff,self_consumption,100,29,False
2026-06-15 12:00,summer,2.9,2.8,5.9,100,100,4.010,5.420,1.480,0.000,0.000,below_cutoff,self_consumption,100,30,False
2026-06-15 13:00,summer,2.6,2.8,5.6,100,100,3.880,4.710,0.800,0.000,0.000,below_cutoff,self_consumption,100,30,False
2026-06-15 14:00,summer,2.6,2.8,5.2,100,100,2.900,4.260,1.550,0.000,0.000,below_cutoff,self_consumption,100,29,False
2026-06-15 15:00,summer,2.7,2.8,4.8,100,98,1.000,3.840,4.660,0.000,0.400,below_cutoff,self_consumption,100,30,False
2026-06-15 16:00,summer,2.7,2.8,4.5,98,98,1.140,3.160,4.130,0.000,0.000,below_cutoff,self_consumption,100,29,False
2026-06-15 17:00,summer,4.2,2.8,4.4,100,100,0.630,2.350,2.130,0.000,0.000,below_cutoff,self_consumption,100,30,False
2026-06-15 18:00,summer,4.3,2.8,4.4,100,100,-0.230,1.020,2.880,0.000,0.000,below_cutoff,self_consumption,100,30,False
2026-06-15 19:00,summer,4.0,2.8,4.3,100,87,0.230,0.160,3.050,0.000,2.600,above_cutoff,self_consumption,55,29,False
2026-06-15 20:00,summer,4.2,2.8,4.8,87,72,0.350,0.000,3.450,0.000,3.000,below_cutoff,self_consumption,100,30,False
2026-06-15 21:00,summer,2.7,2.8,4.8,72,72,1.770,0.000,1.690,0.000,0.000,below_cutoff,self_consumption,100,29,False
2026-06-15 22:00,summer,2.1,2.8,4.8,72,72,1.830,0.000,1.750,0.000,0.000,below_cutoff,self_consumption,100,30,False
2026-06-15 23:00,summer,1.9,2.8,5.6,72,72,1.590,0.000,1.500,0.000,0.000,below_cutoff,self_consumption,100,29,False
2026-06-16 00:00,summer,1.7,2.8,5.6,72,72,2.240,0.000,2.153,0.000,0.000,below_cutoff,self_consumption,100,30,True
2026-06-16 01:00,summer,1.8,2.8,5.6,72,72,2.210,0.000,2.110,0.000,0.000,below_cutoff,self_consumption,100,30,False
2026-06-16 02:00,summer,1.8,2.8,5.6,72,72,4.020,0.000,3.930,0.000,0.000,below_cutoff,self_consumption,100,29,False
2026-06-16 03:00,summer,1.6,2.8,5.6,72,72,1.470,0.000,1.390,0.000,0.000,below_cutoff,self_consumption,100,30,False
2026-06-16 04:00,summer,1.8,2.8,5.6,72,72,1.430,0.000,1.340,0.000,0.000,below_cutoff,self_consumption,100,30,False
2026-06-16 05:00,summer,1.9,2.7,5.5,72,72,0.500,0.020,0.440,0.000,0.000,below_cutoff,self_consumption,100,29,False
2026-06-16 06:00,summer,1.9,2.7,4.7,72,72,0.430,0.460,0.790,0.000,0.000,below_cutoff,self_consumption,100,30,False
2026-06-16 08:00,summer,1.9,2.7,4.7,72,76,0.020,0.990,0.290,0.800,0.000,below_cutoff,self_consumption,100,15,False
2026-06-16 09:00,summer,1.7,2.7,5.1,76,87,0.040,3.040,0.660,2.200,0.000,below_cutoff,self_consumption,100,30,False
2026-06-16 10:00,summer,1.9,2.7,5.1,87,95,-12.550,4.230,0.900,1.600,0.000,below_cutoff,self_consumption,85,29,False
2026-06-16 11:00,summer,2.0,2.7,5.6,95,95,1.020,1.410,0.210,0.000,0.000,below_cutoff,self_consumption,85,8,False
2026-06-16 12:00,summer,3.3,2.6,5.7,95,96,3.250,4.670,0.670,0.200,0.000,below_cutoff,self_consumption,100,29,False
2026-06-16 13:00,summer,2.9,2.7,5.6,96,100,3.250,4.040,0.750,0.800,0.000,below_cutoff,self_consumption,100,30,False
2026-06-16 14:00,summer,3.5,2.7,5.1,100,100,2.890,4.610,1.710,0.000,0.000,below_cutoff,self_consumption,100,30,False
2026-06-16 15:00,summer,3.1,2.7,4.7,100,100,2.970,3.940,3.010,0.000,0.000,below_cutoff,self_consumption,100,29,False
2026-06-16 16:00,summer,3.2,2.8,4.5,100,100,2.310,1.570,3.800,0.000,0.000,below_cutoff,self_consumption,100,30,False
2026-06-16 17:00,summer,2.6,2.7,4.3,100,100,0.860,1.020,1.790,0.000,0.000,below_cutoff,self_consumption,100,29,False
2026-06-16 18:00,summer,8.4,2.7,4.3,100,98,1.130,0.800,1.480,0.000,0.400,above_cutoff,self_consumption,51,30,False
2026-06-16 19:00,summer,3.4,2.7,4.3,98,97,2.040,0.260,2.370,0.000,0.200,below_cutoff,self_consumption,100,30,False
2026-06-16 20:00,summer,5.6,2.7,4.3,97,91,0.290,0.000,1.560,0.000,1.200,above_cutoff,self_consumption,55,29,False
2026-06-16 21:00,summer,3.5,2.7,4.4,90,83,2.460,0.000,3.870,0.000,1.400,below_cutoff,self_consumption,100,29,False
2026-06-16 22:00,summer,2.6,2.7,4.4,83,83,1.830,0.000,1.740,0.000,0.000,below_cutoff,self_consumption,100,30,False
2026-06-16 23:00,summer,2.3,2.7,5.2,83,83,1.540,0.000,1.460,0.000,0.000,below_cutoff,self_consumption,100,30,False
2026-06-17 00:00,summer,2.6,2.8,5.2,83,83,1.390,0.000,1.310,0.000,0.000,below_cutoff,self_consumption,100,29,False
2026-06-17 01:00,summer,2.2,2.8,5.2,83,83,1.450,0.000,1.360,0.000,0.000,below_cutoff,self_consumption,100,30,False
2026-06-17 02:00,summer,2.0,2.8,5.2,83,83,1.400,0.000,1.310,0.000,0.000,below_cutoff,self_consumption,100,29,False
2026-06-17 03:00,summer,2.0,2.8,5.2,83,83,1.430,0.000,1.340,0.000,0.000,below_cutoff,self_consumption,100,30,False
2026-06-17 04:00,summer,1.5,2.8,5.2,83,83,1.510,0.000,1.420,0.000,0.000,below_cutoff,self_consumption,100,30,False
2026-06-17 05:00,summer,0.6,2.8,5.3,83,83,2.620,0.010,2.540,0.000,0.000,below_cutoff,self_consumption,100,29,False
2026-06-17 06:00,summer,2.2,2.8,4.5,83,83,4.860,0.070,4.840,0.000,0.000,below_cutoff,self_consumption,100,30,False
2026-06-17 07:00,summer,2.1,2.7,4.4,83,83,1.960,0.120,2.000,0.000,0.000,below_cutoff,self_consumption,100,29,False
2026-06-17 08:00,summer,2.1,2.7,4.5,83,83,1.950,0.050,1.900,0.000,0.000,below_cutoff,self_consumption,100,30,False
2026-06-17 09:00,summer,3.3,2.8,4.8,83,83,1.460,0.010,1.370,0.000,0.000,below_cutoff,self_consumption,100,30,False
2026-06-17 10:00,summer,5.5,2.9,5.3,83,83,1.070,0.070,1.140,0.000,0.000,below_cutoff,self_consumption,100,29,False
2026-06-17 11:00,summer,3.2,3.0,5.9,83,83,1.000,0.410,1.320,0.000,0.000,below_cutoff,self_consumption,100,30,False
2026-06-17 12:00,summer,1.6,3.0,6.2,83,80,2.000,0.270,2.730,0.000,0.600,below_cutoff,self_consumption,100,29,False
2026-06-17 13:00,summer,2.3,3.0,6.0,80,80,0.310,0.410,0.630,0.000,0.000,below_cutoff,self_consumption,100,30,False
2026-06-17 14:00,summer,3.1,3.0,5.5,80,80,0.490,0.510,0.950,0.000,0.000,below_cutoff,self_consumption,100,19,False
2026-06-17 15:00,summer,2.8,3.0,4.9,80,85,0.270,1.860,0.790,1.000,0.000,below_cutoff,self_consumption,100,24,False
2026-06-17 16:00,summer,6.1,3.1,4.7,86,92,0.030,3.090,0.600,1.200,0.000,above_cutoff,self_consumption,55,30,False
2026-06-17 17:00,summer,7.9,3.4,4.9,92,94,0.000,1.050,0.590,0.400,0.000,above_cutoff,self_consumption,55,29,False
2026-06-17 18:00,summer,5.0,3.5,4.9,94,92,0.010,0.390,0.580,0.000,0.400,above_cutoff,self_consumption,55,30,False
2026-06-17 19:00,summer,6.6,3.9,5.2,92,90,0.010,0.140,0.540,0.000,0.400,above_cutoff,self_consumption,55,29,False
2026-06-17 20:00,summer,12.8,3.9,5.2,90,86,0.010,0.010,0.660,0.000,0.800,above_cutoff,self_consumption,32,30,False
2026-06-17 21:00,summer,21.9,4.2,5.5,86,84,0.180,0.000,0.560,0.000,0.400,above_cutoff,self_consumption,23,29,False
2026-06-17 22:00,summer,6.4,4.4,5.7,84,81,0.100,0.000,0.610,0.000,0.600,above_cutoff,self_consumption,55,30,False
2026-06-17 23:00,summer,2.2,4.4,6.5,81,81,0.560,0.000,0.500,0.000,0.000,below_cutoff,self_consumption,100,29,False
2026-06-18 00:00,summer,2.6,4.4,6.5,81,81,0.550,0.000,0.460,0.000,0.000,below_cutoff,self_consumption,100,30,False
2026-06-18 01:00,summer,2.1,4.4,6.5,81,81,0.580,0.000,0.490,0.000,0.000,below_cutoff,self_consumption,100,29,False
2026-06-18 02:00,summer,1.3,4.4,6.5,81,81,0.530,0.000,0.430,0.000,0.000,below_cutoff,self_consumption,100,30,False
2026-06-18 03:00,summer,3.2,4.4,6.5,81,81,0.480,0.000,0.440,0.000,0.000,below_cutoff,self_consumption,100,29,False
2026-06-18 04:00,summer,4.0,4.5,6.6,81,81,0.520,0.000,0.430,0.000,0.000,below_cutoff,self_consumption,100,30,False
2026-06-18 05:00,summer,3.8,4.5,6.6,81,81,0.480,0.040,0.430,0.000,0.000,below_cutoff,self_consumption,100,30,False
2026-06-18 06:00,summer,4.8,4.6,5.9,81,80,0.210,0.130,0.580,0.000,0.200,below_cutoff,self_consumption,100,29,False
2026-06-18 07:00,summer,3.0,4.6,5.9,80,80,0.120,0.630,0.540,0.000,0.000,below_cutoff,self_consumption,100,30,False
2026-06-18 08:00,summer,2.2,4.6,5.8,80,87,0.020,2.170,0.540,1.400,0.000,below_cutoff,self_consumption,100,29,False
2026-06-18 09:00,summer,1.7,4.6,6.1,87,92,0.020,2.450,0.650,1.000,0.000,below_cutoff,self_consumption,100,30,False
2026-06-18 10:00,summer,4.7,4.5,6.5,92,100,-0.990,3.730,0.590,1.600,0.000,below_cutoff,self_consumption,100,30,False
2026-06-18 11:00,summer,2.9,4.4,6.9,100,100,3.360,4.120,0.710,0.000,0.000,below_cutoff,self_consumption,100,29,False
2026-06-18 12:00,summer,2.7,4.4,7.1,100,100,4.250,4.930,0.660,0.000,0.000,below_cutoff,self_consumption,100,30,False
2026-06-18 13:00,summer,3.3,4.4,6.9,100,100,3.870,4.570,0.730,0.000,0.000,below_cutoff,self_consumption,100,29,False
2026-06-18 14:00,summer,3.0,4.3,6.3,100,100,1.420,3.970,3.180,0.000,0.000,below_cutoff,self_consumption,100,30,False
2026-06-18 15:00,summer,3.1,4.3,5.9,100,100,1.700,4.490,3.220,0.000,0.000,below_cutoff,self_consumption,100,30,False
2026-06-18 16:00,summer,3.3,3.9,5.4,100,100,2.410,3.120,0.660,0.000,0.000,below_cutoff,self_consumption,100,29,False
2026-06-18 17:00,summer,3.2,3.7,5.1,100,100,-14.410,2.100,2.510,0.000,0.000,below_cutoff,self_consumption,100,30,False
2026-06-18 18:00,summer,3.9,3.7,5.1,100,100,1.080,0.790,1.770,0.000,0.000,below_cutoff,self_consumption,100,29,False
2026-06-18 19:00,summer,4.5,3.7,5.1,100,100,0.550,0.140,0.600,0.000,0.000,below_cutoff,self_consumption,100,30,False
2026-06-18 20:00,summer,4.9,3.7,5.1,100,93,0.090,0.000,1.310,0.000,1.400,above_cutoff,self_consumption,55,30,False
2026-06-18 21:00,summer,4.3,3.7,5.0,93,93,1.930,0.000,1.980,0.000,0.000,below_cutoff,self_consumption,100,29,False
2026-06-18 22:00,summer,4.8,3.7,5.2,93,78,5.340,0.000,8.220,0.000,3.000,above_cutoff,self_consumption,55,30,False
2026-06-18 23:00,summer,14.2,3.8,7.5,78,38,2.980,0.000,9.200,0.000,8.000,above_cutoff,self_consumption,31,29,False
2026-06-19 00:00,summer,12.8,3.8,7.9,37,26,7.130,0.000,9.090,0.000,2.200,above_cutoff,self_consumption,27,30,False
2026-06-19 01:00,summer,2.7,3.8,7.9,26,26,8.890,0.000,8.800,0.000,0.000,below_cutoff,self_consumption,100,29,False
2026-06-19 02:00,summer,2.4,3.8,7.9,26,26,9.760,0.000,9.670,0.000,0.000,below_cutoff,self_consumption,100,30,False
2026-06-19 03:00,summer,2.5,3.8,7.9,26,26,3.260,0.000,3.190,0.000,0.000,below_cutoff,self_consumption,100,29,False
2026-06-19 04:00,summer,3.2,3.8,7.9,26,26,0.850,0.000,0.760,0.000,0.000,below_cutoff,self_consumption,100,30,False
2026-06-19 05:00,summer,2.3,3.7,7.8,26,26,0.640,0.030,0.570,0.000,0.000,below_cutoff,self_consumption,100,30,False
2026-06-19 06:00,summer,1.7,3.6,6.9,26,26,0.600,0.170,0.680,0.000,0.000,below_cutoff,self_consumption,100,29,False
2026-06-19 07:00,summer,2.2,3.5,6.8,26,28,0.550,0.740,0.890,0.400,0.000,below_cutoff,self_consumption,100,30,False
2026-06-19 08:00,summer,2.0,3.5,6.6,28,38,0.010,2.780,0.690,2.000,0.000,below_cutoff,self_consumption,100,29,False
2026-06-19 09:00,summer,1.9,3.5,6.4,38,51,0.010,4.060,1.010,2.600,0.000,below_cutoff,self_consumption,100,30,False
2026-06-19 10:00,summer,1.8,3.4,6.2,52,69,0.010,4.940,2.240,3.400,0.000,below_cutoff,self_consumption,100,29,False
2026-06-19 11:00,summer,0.9,3.4,6.4,69,77,0.000,5.680,3.730,1.600,0.000,below_cutoff,self_consumption,100,30,False
2026-06-19 12:00,summer,1.3,3.4,6.3,77,86,0.130,5.910,4.000,1.800,0.000,below_cutoff,self_consumption,100,30,False
2026-06-19 13:00,summer,1.6,3.4,6.1,86,90,0.060,5.720,4.630,0.800,0.000,below_cutoff,self_consumption,100,29,False
2026-06-19 14:00,summer,1.6,3.4,5.6,91,95,-32.530,5.510,4.680,0.800,0.000,below_cutoff,self_consumption,85,30,False
2026-06-19 15:00,summer,1.4,3.4,5.2,95,100,32.840,4.520,3.770,1.000,0.000,below_cutoff,self_consumption,100,29,False
2026-06-19 16:00,summer,1.8,3.3,4.9,100,100,0.840,3.960,3.250,0.000,0.000,below_cutoff,self_consumption,100,30,False
2026-06-19 17:00,summer,3.4,3.3,4.8,100,100,31.910,1.700,1.530,0.000,0.000,below_cutoff,self_consumption,100,29,False
2026-06-19 18:00,summer,4.2,3.2,4.7,100,100,0.630,0.900,1.540,0.000,0.000,above_cutoff,self_consumption,55,30,False
2026-06-19 19:00,summer,3.4,3.0,4.6,100,98,1.340,0.210,1.630,0.000,0.400,below_cutoff,self_consumption,100,30,False
2026-06-19 20:00,summer,4.0,2.9,4.5,98,98,2.720,0.000,2.630,0.000,0.000,below_cutoff,self_consumption,100,29,False
2026-06-19 21:00,summer,3.6,2.9,4.5,98,98,3.900,0.000,3.810,0.000,0.000,below_cutoff,self_consumption,100,30,False
2026-06-19 22:00,summer,2.8,2.8,4.4,98,98,1.860,0.000,1.770,0.000,0.000,below_cutoff,self_consumption,100,29,False
2026-06-19 23:00,summer,2.7,2.7,5.1,98,98,1.680,0.000,1.590,0.000,0.000,below_cutoff,self_consumption,100,30,False
2026-06-20 00:00,summer,2.5,2.6,5.9,98,98,1.630,0.000,1.540,0.000,0.000,below_cutoff,self_consumption,100,30,False
2026-06-20 01:00,summer,2.1,2.6,5.9,98,98,1.580,0.000,1.490,0.000,0.000,below_cutoff,self_consumption,100,29,False
2026-06-20 02:00,summer,1.9,2.6,5.9,98,98,3.770,0.000,3.680,0.000,0.000,below_cutoff,self_consumption,100,30,False
2026-06-20 03:00,summer,2.1,2.6,5.9,98,98,1.400,0.000,1.310,0.000,0.000,below_cutoff,self_consumption,100,29,False
2026-06-20 04:00,summer,2.0,2.5,5.9,98,98,1.560,0.000,1.470,0.000,0.000,below_cutoff,self_consumption,100,30,False
2026-06-20 05:00,summer,1.8,2.4,5.8,98,98,1.460,0.020,1.400,0.000,0.000,below_cutoff,self_consumption,100,30,False
2026-06-20 06:00,summer,1.7,2.4,5.0,98,98,1.400,0.150,1.470,0.000,0.000,below_cutoff,self_consumption,100,29,False
2026-06-20 07:00,summer,1.6,2.4,5.0,98,98,0.900,0.720,1.480,0.000,0.000,below_cutoff,self_consumption,100,30,False
2026-06-20 08:00,summer,1.7,2.4,5.1,98,100,-13.500,2.790,1.590,0.400,0.000,below_cutoff,self_consumption,85,29,False
2026-06-20 09:00,summer,1.4,2.4,5.4,100,100,1.790,4.110,2.370,0.000,0.000,below_cutoff,self_consumption,85,30,False
2026-06-20 10:00,summer,1.6,2.4,5.8,100,100,2.440,4.910,2.460,0.000,0.000,below_cutoff,self_consumption,85,29,False
2026-06-20 11:00,summer,1.6,2.4,6.3,100,97,9.110,5.440,4.450,0.000,0.600,below_cutoff,self_consumption,85,30,False
2026-06-20 12:00,summer,1.7,2.4,6.5,97,96,0.020,4.530,2.860,0.000,0.200,below_cutoff,self_consumption,85,29,False
2026-06-20 13:00,summer,1.8,2.4,6.3,96,100,-2.700,4.970,1.270,0.800,0.000,below_cutoff,self_consumption,85,30,False
2026-06-20 14:00,summer,2.2,2.4,5.8,100,97,2.620,4.220,2.480,0.000,0.600,below_cutoff,self_consumption,100,29,False
2026-06-20 15:00,summer,2.3,2.5,5.4,97,97,1.710,3.320,3.820,0.000,0.000,below_cutoff,self_consumption,100,30,False
2026-06-20 16:00,summer,2.5,2.5,5.2,97,100,-0.080,3.410,2.410,0.600,0.000,below_cutoff,self_consumption,100,30,False
2026-06-20 17:00,summer,2.8,2.5,5.1,100,100,1.950,2.110,3.360,0.000,0.000,below_cutoff,self_consumption,100,29,False
2026-06-20 18:00,summer,5.2,2.5,5.1,100,96,0.030,1.180,1.740,0.000,0.800,above_cutoff,self_consumption,55,30,False
2026-06-20 19:00,summer,4.9,2.5,5.1,96,89,0.020,0.160,1.500,0.000,1.400,above_cutoff,self_consumption,55,29,False
2026-06-20 20:00,summer,5.1,2.5,5.6,89,70,0.000,0.010,3.730,0.000,3.800,below_cutoff,self_consumption,100,30,False
2026-06-20 21:00,summer,4.1,2.5,5.6,70,68,1.300,0.000,1.640,0.000,0.400,below_cutoff,self_consumption,100,29,False
2026-06-20 22:00,summer,3.1,2.5,5.6,68,68,0.840,0.000,0.760,0.000,0.000,below_cutoff,self_consumption,100,30,False
2026-06-20 23:00,summer,3.2,2.5,6.4,68,68,0.690,0.000,0.600,0.000,0.000,below_cutoff,self_consumption,100,29,False
2026-06-21 00:00,summer,3.0,2.6,6.5,68,68,1.352,0.000,1.265,0.000,0.000,below_cutoff,self_consumption,100,30,True
2026-06-21 01:00,summer,2.2,2.6,6.5,68,68,1.290,0.000,1.200,0.000,0.000,below_cutoff,self_consumption,100,30,False
2026-06-21 02:00,summer,2.0,2.6,6.5,68,68,2.530,0.000,2.440,0.000,0.000,below_cutoff,self_consumption,100,29,False
2026-06-21 03:00,summer,2.2,2.5,6.5,68,68,0.650,0.000,0.560,0.000,0.000,below_cutoff,self_consumption,100,30,False
2026-06-21 04:00,summer,2.2,2.5,6.5,68,68,0.630,0.000,0.540,0.000,0.000,below_cutoff,self_consumption,100,30,False
2026-06-21 05:00,summer,2.2,2.5,6.5,68,68,0.540,0.060,0.520,0.000,0.000,below_cutoff,self_consumption,100,29,False
2026-06-21 06:00,summer,1.5,2.5,5.7,68,68,0.180,0.440,0.530,0.000,0.000,below_cutoff,self_consumption,100,30,False
2026-06-21 07:00,summer,1.5,2.5,5.7,68,69,0.050,0.880,0.690,0.200,0.000,below_cutoff,self_consumption,100,29,False
2026-06-21 08:00,summer,1.6,2.5,5.6,69,73,0.020,1.730,0.770,0.800,0.000,below_cutoff,self_consumption,100,30,False
2026-06-21 09:00,summer,1.8,2.5,5.8,73,74,1.460,1.620,2.740,0.200,0.000,below_cutoff,self_consumption,100,29,False
2026-06-21 10:00,summer,2.5,2.6,6.3,74,75,1.700,1.310,2.720,0.200,0.000,below_cutoff,self_consumption,100,30,False
2026-06-21 11:00,summer,3.8,2.7,6.7,75,78,0.000,1.410,0.730,0.600,0.000,below_cutoff,self_consumption,100,30,False
2026-06-21 12:00,summer,4.0,2.8,7.0,78,78,0.390,0.860,1.110,0.000,0.000,below_cutoff,self_consumption,100,29,False
2026-06-21 13:00,summer,6.4,2.9,6.9,78,78,0.170,0.540,0.690,0.000,0.000,below_cutoff,self_consumption,100,30,False
2026-06-21 14:00,summer,2.6,2.9,6.4,78,78,0.080,0.600,0.590,0.000,0.000,below_cutoff,self_consumption,100,29,False
2026-06-21 15:00,summer,1.8,2.9,5.9,78,78,2.220,0.740,2.820,0.000,0.000,below_cutoff,self_consumption,100,30,False
2026-06-21 16:00,summer,2.5,2.9,5.7,78,78,2.790,0.680,3.380,0.000,0.000,below_cutoff,self_consumption,100,30,False
2026-06-21 17:00,summer,3.4,2.9,5.6,78,78,0.470,0.490,0.880,0.000,0.000,below_cutoff,self_consumption,100,29,False
2026-06-21 18:00,summer,11.7,2.9,5.7,78,76,0.330,0.470,1.090,0.000,0.400,above_cutoff,self_consumption,33,30,False
2026-06-21 19:00,summer,3.3,2.8,5.7,76,76,1.120,0.090,1.220,0.000,0.000,below_cutoff,self_consumption,100,29,False
2026-06-21 20:00,summer,5.7,2.8,6.1,76,62,0.820,0.000,3.660,0.000,2.800,above_cutoff,self_consumption,55,30,False
2026-06-21 21:00,summer,9.8,2.8,6.4,61,54,0.110,0.000,1.330,0.000,1.400,above_cutoff,self_consumption,37,29,False
2026-06-21 22:00,summer,2.7,2.9,6.5,54,53,2.480,0.000,2.550,0.000,0.200,below_cutoff,self_consumption,100,29,False
2026-06-21 23:00,summer,2.8,2.9,7.3,53,53,2.500,0.000,2.400,0.000,0.000,below_cutoff,self_consumption,100,30,False
2026-06-22 00:00,summer,2.6,2.9,6.4,53,53,1.751,0.000,1.662,0.000,0.000,below_cutoff,self_consumption,100,30,True
2026-06-22 01:00,summer,2.0,2.9,6.4,53,53,2.260,0.000,2.170,0.000,0.000,below_cutoff,self_consumption,100,29,False
2026-06-22 02:00,summer,1.8,2.9,6.4,53,53,1.860,0.000,1.760,0.000,0.000,below_cutoff,self_consumption,100,30,False
2026-06-22 03:00,summer,2.1,2.9,6.4,53,53,1.450,0.000,1.360,0.000,0.000,below_cutoff,self_consumption,100,29,False
2026-06-22 04:00,summer,2.5,2.9,6.4,53,53,1.470,0.000,1.390,0.000,0.000,below_cutoff,self_consumption,100,30,False
2026-06-22 05:00,summer,2.8,2.9,6.4,53,53,1.560,0.030,1.500,0.000,0.000,below_cutoff,self_consumption,100,30,False
2026-06-22 06:00,summer,3.2,2.9,5.6,53,53,1.380,0.190,1.490,0.000,0.000,below_cutoff,self_consumption,100,29,False
2026-06-22 07:00,summer,4.0,3.0,5.7,53,53,0.930,0.660,1.480,0.000,0.000,below_cutoff,self_consumption,100,30,False
2026-06-22 08:00,summer,2.9,3.1,5.7,53,57,0.000,2.690,1.670,0.800,0.000,below_cutoff,self_consumption,100,29,False
2026-06-22 09:00,summer,3.6,3.2,5.7,57,65,0.130,3.660,2.030,1.600,0.000,below_cutoff,self_consumption,100,30,False
2026-06-22 10:00,summer,3.5,3.2,6.1,65,67,0.070,5.030,4.450,0.400,0.000,below_cutoff,self_consumption,100,30,False
2026-06-22 11:00,summer,13.7,3.5,6.5,68,77,0.010,5.500,3.570,1.800,0.000,above_cutoff,self_consumption,26,29,False
2026-06-22 12:00,summer,6.4,3.5,6.4,77,95,-11.460,5.840,1.100,3.600,0.000,above_cutoff,self_consumption,50,29,False
2026-06-22 13:00,summer,5.6,3.5,6.2,95,95,4.210,5.890,0.870,0.000,0.000,below_cutoff,self_consumption,100,30,False
2026-06-22 14:00,summer,6.4,3.9,6.0,95,96,1.190,5.270,3.350,0.200,0.000,above_cutoff,self_consumption,55,29,False
2026-06-22 15:00,summer,5.8,4.0,5.6,96,100,1.820,4.710,2.620,0.800,0.000,above_cutoff,self_consumption,55,30,False
2026-06-22 16:00,summer,4.6,4.1,5.4,100,100,2.100,3.830,1.680,0.000,0.000,below_cutoff,self_consumption,100,29,False
2026-06-22 17:00,summer,3.9,4.1,5.4,100,100,1.410,3.030,1.650,0.000,0.000,below_cutoff,self_consumption,100,30,False
2026-06-22 18:00,summer,4.3,4.1,5.3,100,98,0.270,1.180,0.960,0.000,0.400,below_cutoff,self_consumption,100,30,False
2026-06-22 19:00,summer,5.7,4.2,5.4,98,89,0.020,0.160,2.040,0.000,1.800,above_cutoff,self_consumption,55,29,False
2026-06-22 20:00,summer,5.7,4.6,5.8,89,80,0.010,0.010,1.900,0.000,1.800,above_cutoff,self_consumption,55,30,False
2026-06-22 21:00,summer,4.1,4.5,5.7,79,79,4.690,0.000,4.630,0.000,0.000,below_cutoff,self_consumption,100,29,False
2026-06-22 22:00,summer,4.2,4.5,5.8,79,78,2.360,0.000,2.470,0.000,0.200,below_cutoff,self_consumption,100,30,False
2026-06-22 23:00,summer,2.8,4.5,6.6,78,78,2.370,0.000,2.280,0.000,0.000,below_cutoff,self_consumption,100,29,False
2026-06-23 00:00,summer,2.6,4.5,6.6,78,78,1.989,0.000,1.901,0.000,0.000,below_cutoff,self_consumption,100,30,True
2026-06-23 01:00,summer,2.5,4.5,6.6,78,78,1.560,0.000,1.470,0.000,0.000,below_cutoff,self_consumption,100,30,False
2026-06-23 02:00,summer,2.5,4.5,6.6,78,78,1.410,0.000,1.320,0.000,0.000,below_cutoff,self_consumption,100,29,False
2026-06-23 03:00,summer,2.7,4.5,6.6,78,78,1.490,0.000,1.410,0.000,0.000,below_cutoff,self_consumption,100,30,False
2026-06-23 04:00,summer,3.7,4.5,6.6,78,78,1.380,0.000,1.300,0.000,0.000,below_cutoff,self_consumption,100,29,False
2026-06-23 05:00,summer,3.3,4.5,6.6,78,78,1.490,0.020,1.430,0.000,0.000,below_cutoff,self_consumption,100,30,False
2026-06-23 06:00,summer,2.5,4.5,5.8,78,78,1.420,0.180,1.510,0.000,0.000,below_cutoff,self_consumption,100,30,False
2026-06-23 07:00,summer,2.2,4.5,5.8,78,79,1.400,0.700,1.950,0.200,0.000,below_cutoff,self_consumption,100,29,False
2026-06-23 08:00,summer,2.7,4.5,5.7,79,86,0.020,2.830,1.140,1.400,0.000,below_cutoff,self_consumption,100,30,False
2026-06-23 09:00,summer,2.8,4.5,5.9,87,95,-11.480,3.960,0.880,1.600,0.000,below_cutoff,self_consumption,100,29,False
2026-06-23 10:00,summer,2.4,4.4,6.3,95,95,2.480,5.050,1.770,0.000,0.000,below_cutoff,self_consumption,100,30,False
2026-06-23 11:00,summer,2.5,4.1,6.5,95,100,3.700,5.480,1.770,1.000,0.000,below_cutoff,self_consumption,100,29,False
2026-06-23 12:00,summer,2.7,4.0,6.7,100,100,3.520,5.900,2.350,0.000,0.000,below_cutoff,self_consumption,100,30,False
2026-06-23 13:00,summer,2.6,3.9,6.4,100,100,1.260,5.920,4.720,0.000,0.000,below_cutoff,self_consumption,100,30,False
2026-06-23 14:00,summer,2.4,3.7,5.8,100,100,0.880,5.440,4.560,0.000,0.000,below_cutoff,self_consumption,100,29,False
2026-06-23 15:00,summer,2.4,3.5,5.2,100,100,0.730,4.740,4.050,0.000,0.000,below_cutoff,self_consumption,100,30,False
2026-06-23 16:00,summer,2.6,3.3,4.8,100,98,-1.400,3.610,2.720,0.000,0.400,below_cutoff,self_consumption,100,29,False
2026-06-23 17:00,summer,2.8,2.9,4.5,98,100,0.640,2.950,2.690,0.400,0.000,below_cutoff,self_consumption,100,30,False
2026-06-23 18:00,summer,4.4,2.8,4.4,100,100,1.730,1.110,2.750,0.000,0.000,below_cutoff,self_consumption,100,29,False
2026-06-23 19:00,summer,4.1,2.8,4.4,100,94,0.190,0.210,1.640,0.000,1.200,above_cutoff,self_consumption,55,30,False
2026-06-23 20:00,summer,3.2,2.8,4.3,93,92,2.280,0.010,2.470,0.000,0.200,below_cutoff,self_consumption,100,30,False
2026-06-23 21:00,summer,2.7,2.8,4.3,92,92,2.600,0.000,2.520,0.000,0.000,below_cutoff,self_consumption,100,29,False
2026-06-23 22:00,summer,2.9,2.7,4.3,92,92,2.730,0.000,2.640,0.000,0.000,below_cutoff,self_consumption,100,30,False
2026-06-23 23:00,summer,2.3,2.7,5.1,92,92,2.450,0.000,2.360,0.000,0.000,below_cutoff,self_consumption,100,29,False
2026-06-24 00:00,summer,2.1,2.7,5.1,92,92,3.090,0.000,3.001,0.000,0.000,below_cutoff,self_consumption,100,30,True
2026-06-24 01:00,summer,2.0,2.7,5.1,92,92,3.080,0.000,2.990,0.000,0.000,below_cutoff,self_consumption,100,29,False
2026-06-24 02:00,summer,2.0,2.7,5.1,92,92,2.550,0.000,2.460,0.000,0.000,below_cutoff,self_consumption,100,30,False
2026-06-24 03:00,summer,2.0,2.7,5.1,92,92,2.520,0.000,2.440,0.000,0.000,below_cutoff,self_consumption,100,28,False
2026-06-24 04:00,summer,2.0,2.7,5.1,92,92,2.340,0.000,2.250,0.000,0.000,below_cutoff,self_consumption,100,29,False
2026-06-24 05:00,summer,2.1,2.6,5.0,92,92,1.560,0.000,1.470,0.000,0.000,below_cutoff,self_consumption,100,30,False
2026-06-24 06:00,summer,1.9,2.6,4.2,92,92,1.300,0.070,1.290,0.000,0.000,below_cutoff,self_consumption,100,30,False
2026-06-24 07:00,summer,1.8,2.6,4.2,92,93,0.260,0.510,0.600,0.200,0.000,below_cutoff,self_consumption,100,29,False
2026-06-24 08:00,summer,1.3,2.6,4.3,93,95,-17.140,1.230,0.640,0.400,0.000,below_cutoff,self_consumption,85,30,False
2026-06-24 09:00,summer,1.7,2.5,4.5,95,94,17.760,1.170,1.470,0.000,0.200,below_cutoff,self_consumption,100,29,False
2026-06-24 10:00,summer,1.8,2.5,5.0,94,94,0.860,0.320,1.100,0.000,0.000,below_cutoff,self_consumption,100,30,False
2026-06-24 11:00,summer,2.5,2.5,5.5,94,94,0.420,0.330,0.660,0.000,0.000,below_cutoff,self_consumption,100,29,False
2026-06-24 12:00,summer,2.9,2.6,5.7,94,94,0.430,0.420,0.760,0.000,0.000,below_cutoff,self_consumption,100,30,False
2026-06-24 13:00,summer,3.4,2.6,5.5,94,94,1.270,0.590,1.780,0.000,0.000,below_cutoff,self_consumption,100,30,False
2026-06-24 14:00,summer,3.2,2.7,5.1,94,94,20.740,1.870,1.640,0.000,0.000,below_cutoff,self_consumption,100,29,False
2026-06-24 15:00,summer,3.1,2.7,4.7,94,95,-20.010,2.020,1.210,0.200,0.000,below_cutoff,self_consumption,100,30,False
2026-06-24 16:00,summer,5.1,2.8,4.5,95,89,20.240,1.500,2.340,0.000,1.200,above_cutoff,self_consumption,55,29,False
2026-06-24 17:00,summer,6.7,2.8,4.4,89,84,3.410,0.490,4.950,0.000,1.000,above_cutoff,self_consumption,55,30,False
2026-06-24 18:00,summer,9.7,2.8,4.6,83,78,0.020,0.000,1.130,0.000,1.000,above_cutoff,self_consumption,38,29,False
2026-06-24 19:00,summer,4.5,2.8,4.9,77,70,0.030,0.040,1.650,0.000,1.400,above_cutoff,self_consumption,55,30,False
2026-06-24 20:00,summer,4.0,2.8,5.4,69,56,1.860,0.000,3.890,0.000,2.600,below_cutoff,self_consumption,100,29,False
2026-06-24 21:00,summer,3.1,2.9,5.4,56,56,4.550,0.000,4.460,0.000,0.000,below_cutoff,self_consumption,100,30,False
2026-06-24 22:00,summer,2.6,2.9,5.4,56,56,2.780,0.000,2.700,0.000,0.000,below_cutoff,self_consumption,100,20,False
2026-06-24 23:00,summer,2.2,2.9,6.2,56,56,2.480,0.000,2.390,0.000,0.000,below_cutoff,self_consumption,100,29,False
2026-06-25 00:00,summer,2.5,2.9,6.2,56,56,2.910,0.000,2.820,0.000,0.000,below_cutoff,self_consumption,100,30,False
2026-06-25 01:00,summer,2.1,2.9,6.2,56,56,2.940,0.000,2.860,0.000,0.000,below_cutoff,self_consumption,100,29,False
2026-06-25 02:00,summer,2.0,2.9,6.2,56,56,2.470,0.000,2.380,0.000,0.000,below_cutoff,self_consumption,100,30,False
2026-06-25 03:00,summer,2.0,2.9,6.2,56,56,2.440,0.000,2.360,0.000,0.000,below_cutoff,self_consumption,100,30,False
2026-06-25 04:00,summer,2.2,2.9,6.2,56,56,2.260,0.000,2.170,0.000,0.000,below_cutoff,self_consumption,100,29,False
2026-06-25 05:00,summer,2.5,2.9,6.2,56,56,1.780,0.040,1.730,0.000,0.000,below_cutoff,self_consumption,100,30,False
2026-06-25 06:00,summer,2.7,2.9,5.4,56,56,1.810,0.180,1.900,0.000,0.000,below_cutoff,self_consumption,100,29,False
2026-06-25 07:00,summer,2.6,2.9,5.5,56,56,1.290,0.670,1.830,0.000,0.000,below_cutoff,self_consumption,100,28,False
2026-06-25 08:00,summer,3.6,2.9,5.4,57,61,0.010,2.810,1.670,0.800,0.000,below_cutoff,self_consumption,100,30,False
2026-06-25 09:00,summer,2.8,2.9,5.3,61,72,0.050,3.500,1.770,2.200,0.000,below_cutoff,self_consumption,100,29,False
2026-06-25 10:00,summer,2.9,2.9,5.6,72,76,0.050,4.910,4.110,0.800,0.000,below_cutoff,self_consumption,100,30,False
2026-06-25 11:00,summer,2.8,2.9,6.0,76,78,0.280,5.240,5.010,0.400,0.000,below_cutoff,self_consumption,100,30,False
2026-06-25 12:00,summer,2.8,2.9,6.1,78,80,0.540,5.280,5.350,0.400,0.000,below_cutoff,self_consumption,100,29,False
2026-06-25 13:00,summer,4.1,3.0,5.8,80,84,0.670,4.920,4.610,0.800,0.000,below_cutoff,self_consumption,100,30,False
2026-06-25 14:00,summer,3.4,3.0,5.3,84,85,0.450,1.170,1.450,0.200,0.000,below_cutoff,self_consumption,100,10,False
2026-06-25 16:00,summer,4.6,3.0,4.6,95,97,18.410,2.750,1.820,0.400,0.000,below_cutoff,self_consumption,100,26,False
2026-06-25 17:00,summer,6.6,3.0,4.6,97,90,0.180,2.920,4.450,0.000,1.400,above_cutoff,self_consumption,55,30,False
2026-06-25 18:00,summer,7.6,3.0,4.5,91,92,0.000,1.030,0.630,0.200,0.000,above_cutoff,self_consumption,55,29,False
2026-06-25 19:00,summer,16.8,3.0,4.6,92,82,0.010,0.390,2.470,0.000,2.000,above_cutoff,self_consumption,28,30,False
2026-06-25 20:00,summer,28.4,3.1,5.1,81,75,0.010,0.000,1.240,0.000,1.200,above_cutoff,self_consumption,17,29,False
2026-06-25 21:00,summer,5.9,3.3,5.9,75,55,0.470,0.000,4.320,0.000,4.000,above_cutoff,self_consumption,55,30,False
2026-06-25 22:00,summer,4.3,3.4,5.9,55,55,2.400,0.000,2.450,0.000,0.000,below_cutoff,self_consumption,100,29,False
2026-06-25 23:00,summer,6.1,3.5,6.8,55,55,2.480,0.000,2.390,0.000,0.000,below_cutoff,self_consumption,100,30,False
2026-06-26 00:00,summer,5.6,3.9,7.1,55,55,1.990,0.000,1.900,0.000,0.000,below_cutoff,self_consumption,100,29,False
2026-06-26 01:00,summer,3.2,3.9,7.1,55,55,3.070,0.000,2.980,0.000,0.000,below_cutoff,self_consumption,100,30,False
2026-06-26 02:00,summer,3.0,3.9,7.1,55,55,1.630,0.000,1.550,0.000,0.000,below_cutoff,self_consumption,100,30,False
2026-06-26 03:00,summer,3.1,3.9,7.1,55,55,1.460,0.000,1.380,0.000,0.000,below_cutoff,self_consumption,100,29,False
2026-06-26 04:00,summer,2.9,3.9,7.1,55,55,1.440,0.000,1.350,0.000,0.000,below_cutoff,self_consumption,100,30,False
2026-06-26 05:00,summer,4.1,4.1,7.2,55,54,0.760,0.040,0.980,0.000,0.200,below_cutoff,self_consumption,100,29,False
2026-06-26 06:00,summer,5.1,4.2,6.6,54,53,0.530,0.330,0.880,0.000,0.200,below_cutoff,self_consumption,100,30,False
2026-06-26 07:00,summer,15.9,4.6,6.9,53,53,0.420,1.040,1.410,0.000,0.000,above_cutoff,self_consumption,19,29,False
2026-06-26 08:00,summer,3.3,4.5,6.9,54,54,0.060,0.820,0.620,0.000,0.000,below_cutoff,self_consumption,100,30,False
2026-06-26 09:00,summer,3.5,4.5,7.1,54,54,0.780,0.610,1.290,0.000,0.000,below_cutoff,self_consumption,100,29,False
2026-06-26 10:00,summer,3.7,4.6,7.6,54,55,0.530,1.030,1.400,0.200,0.000,below_cutoff,self_consumption,100,30,False
2026-06-26 11:00,summer,2.9,4.6,8.0,55,56,0.400,1.070,1.220,0.200,0.000,below_cutoff,self_consumption,100,29,False
2026-06-26 12:00,summer,3.5,4.6,8.1,56,61,0.020,1.940,0.580,1.000,0.000,below_cutoff,self_consumption,100,30,False
2026-06-26 13:00,summer,5.1,4.6,7.7,61,66,0.010,1.870,0.600,1.000,0.000,below_cutoff,self_consumption,100,30,False
2026-06-26 14:00,summer,5.1,4.6,7.1,67,68,0.050,1.380,0.990,0.200,0.000,below_cutoff,self_consumption,100,29,False
2026-06-26 15:00,summer,3.9,4.6,6.7,68,68,0.310,1.200,1.410,0.000,0.000,below_cutoff,self_consumption,100,30,False
2026-06-26 16:00,summer,3.6,4.6,6.3,68,71,0.030,2.260,1.700,0.600,0.000,below_cutoff,self_consumption,100,30,False
2026-06-26 17:00,summer,3.1,4.2,6.0,71,71,1.240,1.150,2.320,0.000,0.000,below_cutoff,self_consumption,100,29,False
2026-06-26 18:00,summer,3.6,4.0,5.9,71,71,2.940,0.490,3.330,0.000,0.000,below_cutoff,self_consumption,100,30,False
2026-06-26 19:00,summer,5.3,4.0,5.9,71,68,0.900,0.170,1.590,0.000,0.600,below_cutoff,self_consumption,100,29,False
2026-06-26 20:00,summer,4.4,4.0,5.8,68,67,1.790,0.000,1.970,0.000,0.200,below_cutoff,self_consumption,100,30,False
2026-06-26 21:00,summer,3.3,4.0,5.8,67,67,2.960,0.000,2.880,0.000,0.000,below_cutoff,self_consumption,100,29,False
2026-06-26 22:00,summer,3.0,3.9,5.8,67,67,0.900,0.000,0.810,0.000,0.000,below_cutoff,self_consumption,100,30,False
2026-06-26 23:00,summer,2.5,3.8,6.5,67,67,0.620,0.000,0.520,0.000,0.000,below_cutoff,self_consumption,100,30,False
2026-06-27 00:00,summer,2.3,3.8,7.4,67,67,0.700,0.000,0.620,0.000,0.000,below_cutoff,self_consumption,100,29,False
2026-06-27 01:00,summer,2.2,3.8,7.4,67,67,1.480,0.000,1.390,0.000,0.000,below_cutoff,self_consumption,100,30,False
2026-06-27 02:00,summer,2.0,3.8,7.4,67,67,0.980,0.000,0.890,0.000,0.000,below_cutoff,self_consumption,100,29,False
2026-06-27 03:00,summer,1.8,3.8,7.4,67,67,0.630,0.000,0.530,0.000,0.000,below_cutoff,self_consumption,100,30,False
2026-06-27 04:00,summer,2.0,3.8,7.4,67,67,0.570,0.000,0.480,0.000,0.000,below_cutoff,self_consumption,100,29,False
2026-06-27 05:00,summer,2.0,3.7,7.3,67,67,0.600,0.010,0.520,0.000,0.000,below_cutoff,self_consumption,100,30,False
2026-06-27 06:00,summer,2.4,3.6,6.5,67,67,0.390,0.250,0.550,0.000,0.000,below_cutoff,self_consumption,100,30,False
2026-06-27 07:00,summer,2.7,3.5,6.3,67,68,0.090,0.800,0.580,0.200,0.000,below_cutoff,self_consumption,100,29,False
2026-06-27 08:00,summer,2.9,3.4,6.2,68,74,0.040,1.980,0.660,1.200,0.000,below_cutoff,self_consumption,100,30,False
2026-06-27 09:00,summer,2.8,3.4,6.0,74,85,0.010,3.610,1.150,2.200,0.000,below_cutoff,self_consumption,100,29,False
2026-06-27 10:00,summer,3.4,3.4,6.5,85,93,0.020,3.760,1.780,1.600,0.000,below_cutoff,self_consumption,100,30,False
2026-06-27 11:00,summer,3.3,3.4,6.9,93,100,-3.360,4.850,1.900,1.400,0.000,below_cutoff,self_consumption,100,30,False
2026-06-27 12:00,summer,3.1,3.4,7.2,100,100,3.190,4.910,3.220,0.000,0.000,below_cutoff,self_consumption,100,29,False
2026-06-27 13:00,summer,3.3,3.4,6.9,100,100,0.270,3.690,1.930,0.000,0.000,below_cutoff,self_consumption,100,30,False
2026-06-27 14:00,summer,3.2,3.2,6.3,100,100,1.840,5.200,3.310,0.000,0.000,below_cutoff,self_consumption,100,29,False
2026-06-27 15:00,summer,3.6,3.1,5.8,100,100,-2.350,4.570,2.420,0.000,0.000,below_cutoff,self_consumption,100,30,False
2026-06-27 16:00,summer,4.5,3.1,5.6,100,98,0.310,3.450,3.660,0.000,0.400,below_cutoff,self_consumption,100,30,False
2026-06-27 17:00,summer,6.6,3.3,5.6,98,98,0.190,2.530,2.400,0.000,0.000,above_cutoff,self_consumption,55,29,False
2026-06-27 18:00,summer,4.6,3.4,5.7,100,100,0.010,0.770,0.580,0.000,0.000,below_cutoff,self_consumption,100,30,False
2026-06-27 19:00,summer,3.9,3.4,5.7,100,100,0.980,0.300,1.210,0.000,0.000,below_cutoff,self_consumption,100,29,False
2026-06-27 20:00,summer,5.0,3.4,5.7,100,97,1.430,0.010,1.900,0.000,0.600,below_cutoff,self_consumption,100,30,False
2026-06-27 21:00,summer,3.5,3.4,5.7,97,97,2.790,0.000,2.700,0.000,0.000,below_cutoff,self_consumption,100,29,False
2026-06-27 22:00,summer,2.9,3.4,5.7,97,97,3.530,0.000,3.440,0.000,0.000,below_cutoff,self_consumption,100,30,False
2026-06-27 23:00,summer,2.4,3.4,6.5,97,97,1.590,0.000,1.500,0.000,0.000,below_cutoff,self_consumption,100,30,False
2026-06-28 00:00,summer,2.5,3.4,6.5,97,97,1.450,0.000,1.370,0.000,0.000,below_cutoff,self_consumption,100,29,False
2026-06-28 01:00,summer,2.5,3.4,6.5,97,97,1.810,0.000,1.720,0.000,0.000,below_cutoff,self_consumption,100,30,False
2026-06-28 02:00,summer,2.3,3.4,6.5,97,97,4.400,0.000,4.310,0.000,0.000,below_cutoff,self_consumption,100,29,False
2026-06-28 03:00,summer,2.1,3.4,6.5,97,97,1.700,0.000,1.610,0.000,0.000,below_cutoff,self_consumption,100,30,False
2026-06-28 04:00,summer,2.1,3.4,6.5,97,97,1.540,0.000,1.460,0.000,0.000,below_cutoff,self_consumption,100,30,False
2026-06-28 05:00,summer,2.1,3.4,6.5,97,97,1.430,0.020,1.370,0.000,0.000,below_cutoff,self_consumption,100,29,False
2026-06-28 06:00,summer,2.0,3.4,5.7,97,97,1.910,0.220,2.040,0.000,0.000,below_cutoff,self_consumption,100,30,False
2026-06-28 07:00,summer,2.0,3.4,5.7,97,97,1.930,0.610,2.450,0.000,0.000,below_cutoff,self_consumption,100,29,False
2026-06-28 08:00,summer,2.1,3.4,5.8,97,95,-16.640,2.690,2.370,0.000,0.400,below_cutoff,self_consumption,100,30,False
2026-06-28 09:00,summer,2.6,3.4,6.0,96,97,1.150,3.500,1.690,0.200,0.000,below_cutoff,self_consumption,100,30,False
2026-06-28 10:00,summer,3.4,3.4,6.5,100,100,16.080,4.460,2.900,0.000,0.000,below_cutoff,self_consumption,100,29,False
2026-06-28 11:00,summer,4.7,3.5,7.0,100,100,2.090,4.890,6.890,0.000,0.000,below_cutoff,self_consumption,100,30,False
2026-06-28 12:00,summer,6.0,3.6,7.3,100,100,-15.660,4.450,4.370,0.000,0.000,below_cutoff,self_consumption,100,29,False
2026-06-28 13:00,summer,3.7,3.6,7.1,100,100,16.870,3.020,3.470,0.000,0.000,below_cutoff,self_consumption,100,30,False
2026-06-28 14:00,summer,3.9,3.6,6.6,100,100,1.420,2.210,3.540,0.000,0.000,below_cutoff,self_consumption,100,29,False
2026-06-28 15:00,summer,3.9,3.7,6.2,100,100,2.450,1.120,3.490,0.000,0.000,below_cutoff,self_consumption,100,30,False
2026-06-28 16:00,summer,4.5,3.7,6.0,100,100,2.460,0.630,3.000,0.000,0.000,below_cutoff,self_consumption,100,30,False
2026-06-28 17:00,summer,4.2,3.7,5.9,100,100,1.040,0.390,1.360,0.000,0.000,below_cutoff,self_consumption,100,29,False
2026-06-28 18:00,summer,4.1,3.8,5.9,100,100,2.820,0.590,3.320,0.000,0.000,below_cutoff,self_consumption,100,30,False
2026-06-28 19:00,summer,3.9,3.8,5.9,100,100,2.450,0.200,2.560,0.000,0.000,below_cutoff,self_consumption,100,30,False
2026-06-28 20:00,summer,4.2,3.8,5.9,100,100,2.470,0.010,2.380,0.000,0.000,below_cutoff,self_consumption,100,29,False
2026-06-28 21:00,summer,4.6,3.9,6.0,100,100,1.400,0.000,1.310,0.000,0.000,below_cutoff,self_consumption,100,30,False
2026-06-28 22:00,summer,3.3,3.9,6.0,100,100,0.710,0.000,0.620,0.000,0.000,below_cutoff,self_consumption,100,29,False
2026-06-28 23:00,summer,2.5,3.9,6.8,100,100,1.040,0.000,0.950,0.000,0.000,below_cutoff,self_consumption,100,30,False
2026-06-29 00:00,summer,2.7,3.9,5.9,100,100,2.430,0.000,2.340,0.000,0.000,below_cutoff,self_consumption,100,30,False
2026-06-29 01:00,summer,2.7,3.9,5.9,100,100,3.210,0.000,3.120,0.000,0.000,below_cutoff,self_consumption,100,29,False
2026-06-29 02:00,summer,2.7,3.9,5.9,100,100,2.860,0.000,2.770,0.000,0.000,below_cutoff,self_consumption,100,30,False
2026-06-29 03:00,summer,2.6,3.9,5.9,100,100,1.450,0.000,1.370,0.000,0.000,below_cutoff,self_consumption,100,29,False
2026-06-29 04:00,summer,2.9,3.9,5.9,100,100,0.640,0.000,0.550,0.000,0.000,below_cutoff,self_consumption,100,30,False
2026-06-29 05:00,summer,2.8,3.9,5.9,100,100,0.680,0.020,0.620,0.000,0.000,below_cutoff,self_consumption,100,30,False
2026-06-29 06:00,summer,3.4,4.0,5.2,100,100,1.230,0.220,1.360,0.000,0.000,below_cutoff,self_consumption,100,29,False
2026-06-29 07:00,summer,2.9,4.0,5.2,100,100,1.270,0.900,1.850,0.000,0.000,below_cutoff,self_consumption,100,30,False
2026-06-29 08:00,summer,3.9,4.0,5.3,100,100,-13.590,1.560,0.710,0.000,0.000,below_cutoff,self_consumption,100,29,False
2026-06-29 09:00,summer,4.9,4.0,5.5,100,100,14.440,3.100,3.460,0.000,0.000,below_cutoff,self_consumption,100,30,False
2026-06-29 10:00,summer,4.8,4.0,6.0,100,100,1.450,3.570,4.880,0.000,0.000,below_cutoff,self_consumption,100,30,False
2026-06-29 11:00,summer,6.2,4.1,6.5,100,100,0.370,4.640,3.780,0.000,0.000,below_cutoff,self_consumption,100,29,False
2026-06-29 12:00,summer,4.6,4.1,6.7,100,100,0.560,4.030,3.940,0.000,0.000,below_cutoff,self_consumption,100,30,False
2026-06-29 13:00,summer,3.6,4.1,6.5,100,100,-12.410,3.910,2.360,0.000,0.000,below_cutoff,self_consumption,100,29,False
2026-06-29 14:00,summer,4.4,4.1,6.0,100,100,12.840,5.350,4.070,0.000,0.000,below_cutoff,self_consumption,100,30,False
2026-06-29 15:00,summer,5.1,4.2,5.7,100,100,0.470,4.500,4.860,0.000,0.000,below_cutoff,self_consumption,100,30,False
2026-06-29 16:00,summer,8.7,4.2,5.4,100,95,-11.800,2.770,3.760,0.000,1.000,above_cutoff,self_consumption,49,29,False
2026-06-29 17:00,summer,27.9,4.4,5.5,95,95,0.880,2.570,1.040,0.000,0.000,above_cutoff,self_consumption,17,29,False
2026-06-29 18:00,summer,41.2,4.5,5.7,95,88,0.020,1.060,2.210,0.000,1.400,above_cutoff,self_consumption,15,30,False
2026-06-29 19:00,summer,81.3,4.8,6.6,88,70,0.000,0.300,3.800,0.000,3.600,above_cutoff,self_consumption,15,29,False
2026-06-29 20:00,summer,9.9,5.1,7.6,70,48,0.010,0.010,4.270,0.000,4.400,above_cutoff,self_consumption,36,30,False
2026-06-29 21:00,summer,10.8,5.7,8.4,47,34,1.210,0.000,3.910,0.000,2.600,above_cutoff,self_consumption,34,29,False
2026-06-29 22:00,summer,5.0,5.7,8.5,33,33,2.900,0.000,2.810,0.000,0.000,below_cutoff,self_consumption,100,30,False
2026-06-29 23:00,summer,3.3,5.7,9.3,33,33,2.720,0.000,2.630,0.000,0.000,below_cutoff,self_consumption,100,29,False
2026-06-30 00:00,summer,3.3,5.7,9.3,33,33,5.920,0.000,5.830,0.000,0.000,below_cutoff,self_consumption,100,30,False
2026-06-30 01:00,summer,2.8,5.7,9.3,33,33,3.410,0.000,3.320,0.000,0.000,below_cutoff,self_consumption,100,29,False
2026-06-30 02:00,summer,2.8,5.7,9.3,33,33,5.210,0.000,5.120,0.000,0.000,below_cutoff,self_consumption,100,30,False
2026-06-30 03:00,summer,2.8,5.7,9.3,33,33,4.210,0.000,4.120,0.000,0.000,below_cutoff,self_consumption,100,30,False
2026-06-30 04:00,summer,3.1,5.7,9.3,33,33,2.290,0.000,2.210,0.000,0.000,below_cutoff,self_consumption,100,29,False
2026-06-30 05:00,summer,3.2,5.7,9.3,33,33,2.340,0.020,2.270,0.000,0.000,below_cutoff,self_consumption,100,30,False
2026-06-30 06:00,summer,3.2,5.7,8.5,33,33,1.510,0.150,1.580,0.000,0.000,below_cutoff,self_consumption,100,29,False
2026-06-30 07:00,summer,3.5,5.7,8.5,33,34,2.440,0.650,2.980,0.200,0.000,below_cutoff,self_consumption,100,30,False
2026-06-30 08:00,summer,4.0,5.7,8.5,34,37,0.270,2.530,2.010,0.600,0.000,below_cutoff,self_consumption,100,30,False
2026-06-30 09:00,summer,3.8,5.7,8.7,37,37,0.880,3.550,4.340,0.000,0.000,below_cutoff,self_consumption,100,29,False
2026-06-30 10:00,summer,7.0,6.0,9.2,37,39,0.230,4.640,4.320,0.400,0.000,below_cutoff,self_consumption,100,30,False
2026-06-30 11:00,summer,10.1,6.3,9.9,39,42,0.450,4.350,3.940,0.600,0.000,below_cutoff,self_consumption,100,29,False
2026-06-30 12:00,summer,7.7,6.8,10.3,42,44,30.790,4.090,4.200,0.400,0.000,below_cutoff,self_consumption,100,30,False
2026-06-30 13:00,summer,6.7,6.9,10.1,44,47,0.480,4.720,4.370,0.600,0.000,below_cutoff,self_consumption,100,29,False
2026-06-30 14:00,summer,15.6,7.5,9.6,47,61,0.020,5.280,1.710,2.800,0.000,above_cutoff,self_consumption,29,30,False
2026-06-30 15:00,summer,13.9,8.1,9.4,62,64,0.010,4.000,3.320,0.400,0.000,above_cutoff,self_consumption,31,29,False
2026-06-30 16:00,summer,10.8,8.7,9.2,65,75,0.020,3.410,1.220,2.000,0.000,above_cutoff,self_consumption,34,30,False
2026-06-30 17:00,summer,7.3,8.1,8.7,75,74,0.970,2.620,3.700,0.000,0.200,below_cutoff,self_consumption,100,29,False
2026-06-30 18:00,summer,19.0,8.1,9.1,74,59,0.150,0.980,4.150,0.000,3.000,above_cutoff,self_consumption,26,30,False
2026-06-30 19:00,summer,53.1,8.1,9.6,59,41,0.030,0.220,3.720,0.000,3.600,above_cutoff,self_consumption,15,29,False
2026-06-30 20:00,summer,18.7,8.1,10.2,41,25,0.930,0.010,3.960,0.000,3.200,above_cutoff,self_consumption,26,29,False
2026-06-30 21:00,summer,7.8,8.2,10.2,25,25,3.860,0.000,3.780,0.000,0.000,below_cutoff,self_consumption,100,30,False
2026-06-30 22:00,summer,6.5,8.2,10.2,25,25,3.640,0.000,3.560,0.000,0.000,below_cutoff,self_consumption,100,29,False
2026-06-30 23:00,summer,8.6,8.3,11.1,25,25,3.690,0.000,3.600,0.000,0.000,below_cutoff,self_consumption,100,30,False
2026-07-01 00:00,summer,6.4,8.3,11.1,25,25,4.320,0.000,4.230,0.000,0.000,below_cutoff,self_consumption,100,30,False
2026-07-01 01:00,summer,3.7,8.3,11.1,25,25,2.710,0.000,2.630,0.000,0.000,below_cutoff,self_consumption,100,29,False
2026-07-01 02:00,summer,3.3,8.3,11.1,25,25,4.320,0.000,4.230,0.000,0.000,below_cutoff,self_consumption,100,30,False
2026-07-01 03:00,summer,3.0,8.3,11.1,25,25,3.000,0.000,2.920,0.000,0.000,below_cutoff,self_consumption,100,29,False
2026-07-01 04:00,summer,3.2,8.3,11.1,25,25,0.920,0.000,0.830,0.000,0.000,below_cutoff,self_consumption,100,30,False
2026-07-01 05:00,summer,3.4,8.3,11.1,25,25,0.950,0.020,0.880,0.000,0.000,below_cutoff,self_consumption,100,30,False
2026-07-01 06:00,summer,3.6,8.3,10.3,25,25,1.790,0.240,1.940,0.000,0.000,below_cutoff,self_consumption,100,29,False
2026-07-01 07:00,summer,3.8,8.3,10.3,25,26,1.790,0.700,2.280,0.200,0.000,below_cutoff,self_consumption,100,30,False
2026-07-01 08:00,summer,4.6,8.3,10.2,26,32,0.000,2.410,0.740,1.200,0.000,below_cutoff,self_consumption,100,29,False
2026-07-01 09:00,summer,25.1,8.8,10.6,32,37,0.030,3.740,2.620,1.000,0.000,above_cutoff,self_consumption,10,30,False
2026-07-01 10:00,summer,29.5,9.2,11.2,37,39,0.000,4.450,3.810,0.400,0.000,above_cutoff,self_consumption,5,29,False
2026-07-01 11:00,summer,26.2,9.9,12.0,39,46,0.000,5.220,3.390,1.400,0.000,above_cutoff,self_consumption,14,30,False
2026-07-01 12:00,summer,12.8,11.1,12.0,47,67,0.000,5.330,0.750,4.000,0.000,above_cutoff,self_consumption,27,29,False
2026-07-01 13:00,summer,18.3,11.7,12.0,68,78,20.190,5.500,3.230,2.000,0.000,above_cutoff,self_consumption,27,30,False
2026-07-01 14:00,summer,15.3,12.3,11.8,78,92,-19.670,5.080,1.290,2.800,0.000,above_cutoff,self_consumption,30,29,False
2026-07-01 15:00,summer,19.2,13.7,12.0,92,93,19.620,4.320,3.220,0.200,0.000,above_cutoff,self_consumption,26,30,False
2026-07-01 16:00,summer,10.9,13.3,11.8,93,91,0.120,2.130,2.480,0.000,0.400,below_cutoff,self_consumption,100,17,False
2026-07-01 17:00,summer,28.7,13.9,12.0,91,90,0.690,1.880,2.760,0.000,0.200,above_cutoff,self_consumption,16,18,False
2026-07-01 18:00,summer,34.5,14.1,12.0,90,82,0.120,1.070,2.520,0.000,1.600,above_cutoff,self_consumption,15,25,False
2026-07-01 19:00,summer,98.3,14.9,12.0,82,68,0.010,0.200,2.850,0.000,2.800,above_cutoff,self_consumption,15,30,False
2026-07-01 20:00,summer,40.4,16.0,12.0,68,45,0.110,0.010,4.550,0.000,4.600,above_cutoff,self_consumption,15,30,False
2026-07-01 21:00,summer,13.3,17.2,12.0,45,31,0.730,0.000,3.620,0.000,2.800,above_cutoff,self_consumption,32,29,False
2026-07-01 22:00,summer,6.5,17.2,12.0,31,31,4.200,0.000,4.110,0.000,0.000,below_cutoff,self_consumption,100,30,False
2026-07-01 23:00,summer,11.0,17.2,12.0,31,31,4.270,0.000,4.180,0.000,0.000,below_cutoff,self_consumption,100,29,False
2026-07-02 00:00,summer,8.5,17.2,12.0,31,27,3.510,0.000,4.130,0.000,0.800,below_cutoff,self_consumption,100,30,False
2026-07-02 01:00,summer,3.1,17.2,12.0,27,27,2.420,0.000,2.340,0.000,0.000,below_cutoff,self_consumption,100,29,False
2026-07-02 02:00,summer,3.3,17.2,12.0,27,27,5.930,0.000,5.840,0.000,0.000,below_cutoff,self_consumption,100,30,False
2026-07-02 03:00,summer,3.6,17.2,12.0,27,27,5.460,0.000,5.370,0.000,0.000,below_cutoff,self_consumption,100,30,False
2026-07-02 04:00,summer,4.9,17.2,12.0,27,27,2.200,0.000,2.110,0.000,0.000,below_cutoff,self_consumption,100,29,False
2026-07-02 05:00,summer,3.9,17.2,12.0,27,27,2.170,0.010,2.100,0.000,0.000,below_cutoff,self_consumption,100,30,False
2026-07-02 06:00,summer,5.5,17.2,12.0,27,27,0.840,0.240,1.000,0.000,0.000,below_cutoff,self_consumption,100,29,False
2026-07-02 07:00,summer,4.6,17.2,12.0,27,28,0.720,0.680,1.210,0.200,0.000,below_cutoff,self_consumption,100,30,False
2026-07-02 08:00,summer,6.4,17.2,12.0,28,35,0.010,2.490,0.780,1.400,0.000,below_cutoff,self_consumption,100,29,False
2026-07-02 09:00,summer,24.6,17.2,12.0,35,42,0.000,3.710,2.010,1.400,0.000,above_cutoff,self_consumption,10,30,False
2026-07-02 10:00,summer,103.8,16.9,12.0,42,44,0.010,4.420,3.780,0.400,0.000,above_cutoff,self_consumption,5,29,False
2026-07-02 11:00,summer,39.6,15.8,12.0,44,49,0.000,5.050,3.670,1.000,0.000,above_cutoff,self_consumption,10,30,False
2026-07-02 12:00,summer,30.3,15.9,12.0,50,70,0.010,5.010,0.800,4.000,0.000,above_cutoff,self_consumption,10,30,False
2026-07-02 13:00,summer,49.4,17.2,12.0,70,80,0.020,2.810,0.400,2.000,0.000,above_cutoff,self_consumption,15,19,False
2026-07-02 15:00,summer,98.6,17.4,12.0,85,84,0.040,2.510,2.540,0.000,0.200,above_cutoff,self_consumption,15,19,False
2026-07-02 16:00,summer,118.9,20.2,12.0,84,81,0.010,3.140,3.670,0.000,0.600,above_cutoff,self_consumption,15,27,False
2026-07-02 17:00,summer,246.4,20.6,12.0,81,82,0.000,0.300,0.060,0.200,0.000,above_cutoff,self_consumption,15,4,False
2026-07-02 18:00,summer,195.3,20.1,12.0,85,65,0.010,0.660,4.510,0.000,4.000,above_cutoff,self_consumption,15,21,False
2026-07-02 19:00,summer,136.7,20.1,12.0,64,45,0.010,0.120,4.070,0.000,3.800,above_cutoff,self_consumption,15,29,False
2026-07-02 20:00,summer,60.6,19.6,12.0,44,24,0.000,0.000,4.000,0.000,4.000,above_cutoff,self_consumption,15,29,False
2026-07-02 21:00,summer,6.9,18.5,12.0,23,20,3.040,0.000,3.540,0.000,0.600,below_cutoff,self_consumption,100,30,False
2026-07-02 22:00,summer,4.4,18.5,12.0,20,20,3.210,0.000,3.120,0.000,0.000,below_cutoff,self_consumption,100,30,False
2026-07-02 23:00,summer,14.7,19.2,12.0,20,20,4.850,0.000,4.760,0.000,0.000,above_cutoff,self_consumption,30,29,False
2026-07-03 00:00,summer,9.3,19.2,12.0,20,20,2.880,0.000,2.790,0.000,0.000,below_cutoff,self_consumption,100,30,False
2026-07-03 01:00,summer,3.8,19.2,12.0,20,20,2.960,0.000,2.870,0.000,0.000,below_cutoff,self_consumption,100,29,False
2026-07-03 02:00,summer,3.5,19.2,12.0,20,20,5.330,0.000,5.250,0.000,0.000,below_cutoff,self_consumption,100,30,False
2026-07-03 03:00,summer,3.7,19.2,12.0,20,20,3.540,0.000,3.440,0.000,0.000,below_cutoff,self_consumption,100,30,False
2026-07-03 04:00,summer,3.0,19.4,12.0,20,20,2.380,0.000,2.300,0.000,0.000,below_cutoff,self_consumption,100,29,False
2026-07-03 05:00,summer,2.1,19.4,12.0,20,20,1.910,0.010,1.830,0.000,0.000,below_cutoff,self_consumption,100,30,False
2026-07-03 06:00,summer,2.6,19.4,12.0,20,20,1.480,0.210,1.610,0.000,0.000,below_cutoff,self_consumption,100,29,False
2026-07-03 07:00,summer,4.1,19.4,12.0,20,20,3.650,0.690,4.250,0.000,0.000,below_cutoff,self_consumption,100,30,False
2026-07-03 08:00,summer,4.6,19.5,12.0,20,24,24.910,2.560,1.660,0.800,0.000,below_cutoff,self_consumption,100,30,False
2026-07-03 09:00,summer,6.1,15.2,12.0,24,28,0.400,3.470,2.800,0.800,0.000,below_cutoff,self_consumption,100,29,False
2026-07-03 10:00,summer,13.9,13.7,12.0,28,32,0.260,3.980,3.390,0.800,0.000,above_cutoff,self_consumption,21,30,False
2026-07-03 11:00,summer,31.1,13.7,12.0,32,40,0.410,3.500,1.880,1.600,0.000,above_cutoff,self_consumption,10,29,False
2026-07-03 12:00,summer,41.2,17.4,12.0,41,43,0.020,2.180,1.530,0.400,0.000,above_cutoff,self_consumption,10,30,False
2026-07-03 13:00,summer,30.8,19.8,12.0,42,35,0.020,0.020,2.060,0.000,1.400,above_cutoff,self_consumption,15,29,False
2026-07-03 14:00,summer,49.2,22.1,12.0,34,30,0.700,0.210,1.760,0.000,0.800,above_cutoff,self_consumption,15,29,False
2026-07-03 15:00,summer,58.0,19.8,12.0,30,25,0.010,1.330,2.150,0.000,1.000,above_cutoff,self_consumption,15,26,False
2026-07-03 16:00,summer,162.0,18.8,12.0,25,30,0.000,1.520,0.210,1.000,0.000,above_cutoff,self_consumption,15,10,False
2026-07-03 17:00,summer,124.2,19.8,12.0,36,40,0.000,1.610,0.610,0.800,0.000,above_cutoff,self_consumption,15,21,False
2026-07-03 18:00,summer,119.5,23.1,12.0,40,28,0.010,0.720,3.120,0.000,2.400,above_cutoff,self_consumption,15,30,False
2026-07-03 19:00,summer,43.5,19.0,12.0,28,16,0.010,0.270,2.200,0.000,2.400,above_cutoff,self_consumption,15,30,False
2026-07-03 20:00,summer,6.4,17.2,12.0,16,16,2.490,0.000,2.500,0.000,0.000,below_cutoff,self_consumption,100,29,False
2026-07-03 21:00,summer,4.4,17.2,12.0,16,16,4.210,0.000,4.130,0.000,0.000,below_cutoff,self_consumption,100,30,False
2026-07-03 22:00,summer,3.9,17.2,12.0,16,16,4.020,0.000,3.930,0.000,0.000,below_cutoff,self_consumption,100,29,False
2026-07-03 23:00,summer,3.6,16.5,12.0,16,16,3.500,0.000,3.410,0.000,0.000,below_cutoff,self_consumption,100,30,False
2026-07-04 00:00,summer,3.4,16.5,12.0,16,16,2.700,0.000,2.620,0.000,0.000,below_cutoff,self_consumption,100,30,False
2026-07-04 01:00,summer,2.7,16.5,12.0,16,16,2.950,0.000,2.860,0.000,0.000,below_cutoff,self_consumption,100,29,False
2026-07-04 02:00,summer,2.2,16.5,12.0,16,16,4.990,0.000,4.910,0.000,0.000,below_cutoff,self_consumption,100,30,False
2026-07-04 03:00,summer,2.6,16.5,12.0,16,16,3.610,0.000,3.520,0.000,0.000,below_cutoff,self_consumption,100,29,False
2026-07-04 04:00,summer,2.6,16.5,12.0,16,16,2.370,0.000,2.280,0.000,0.000,below_cutoff,self_consumption,100,30,False
2026-07-04 05:00,summer,2.2,16.5,12.0,16,16,2.310,0.020,2.230,0.000,0.000,below_cutoff,self_consumption,100,30,False
2026-07-04 06:00,summer,2.1,16.5,12.0,16,16,1.390,0.500,1.800,0.000,0.000,below_cutoff,self_consumption,100,29,False
2026-07-04 07:00,summer,2.8,16.5,12.0,16,16,0.640,0.820,1.360,0.000,0.000,below_cutoff,self_consumption,100,30,False
2026-07-04 08:00,summer,3.3,16.5,12.0,16,19,0.060,2.420,1.770,0.600,0.000,below_cutoff,self_consumption,100,30,False
2026-07-04 09:00,summer,3.3,16.5,12.0,19,19,0.790,2.020,2.710,0.000,0.000,below_cutoff,self_consumption,100,29,False
2026-07-04 10:00,summer,3.5,14.7,12.0,19,21,0.340,2.990,2.880,0.400,0.000,below_cutoff,self_consumption,100,30,False
2026-07-04 11:00,summer,4.1,10.2,12.0,21,24,0.760,3.210,3.220,0.600,0.000,below_cutoff,self_consumption,100,29,False
2026-07-04 12:00,summer,4.2,9.5,12.0,24,27,0.430,2.360,2.020,0.600,0.000,below_cutoff,self_consumption,100,30,False
2026-07-04 13:00,summer,4.3,4.5,10.1,27,30,0.860,3.980,4.150,0.600,0.000,below_cutoff,self_consumption,100,30,False
2026-07-04 14:00,summer,14.7,4.3,9.5,30,30,2.230,1.340,3.480,0.000,0.000,above_cutoff,self_consumption,30,29,False
2026-07-04 15:00,summer,9.8,4.2,9.1,30,29,3.200,0.020,3.410,0.000,0.200,above_cutoff,self_consumption,37,30,False
2026-07-04 16:00,summer,4.2,4.2,8.8,29,29,3.050,0.000,2.970,0.000,0.000,below_cutoff,self_consumption,100,29,False
2026-07-04 17:00,summer,4.4,4.2,8.6,29,29,3.370,0.000,3.290,0.000,0.000,below_cutoff,self_consumption,100,30,False
2026-07-04 18:00,summer,3.7,3.9,8.1,29,29,2.480,0.130,2.520,0.000,0.000,below_cutoff,self_consumption,100,29,False
2026-07-04 19:00,summer,3.6,3.8,7.9,29,29,3.190,0.220,3.330,0.000,0.000,below_cutoff,self_consumption,100,30,False
2026-07-04 20:00,summer,3.4,3.7,7.8,29,29,3.210,0.000,3.100,0.000,0.000,below_cutoff,self_consumption,100,30,False
2026-07-04 21:00,summer,3.5,3.6,7.7,29,29,4.490,0.000,4.390,0.000,0.000,below_cutoff,self_consumption,100,29,False
2026-07-04 22:00,summer,3.9,3.6,7.7,29,29,2.290,0.000,2.200,0.000,0.000,below_cutoff,self_consumption,100,30,False
2026-07-04 23:00,summer,3.4,3.6,8.5,29,29,1.940,0.000,1.860,0.000,0.000,below_cutoff,self_consumption,100,29,False
2026-07-05 00:00,summer,3.3,3.6,8.5,29,29,2.175,0.000,2.086,0.000,0.000,below_cutoff,self_consumption,100,30,True
2026-07-05 01:00,summer,3.0,3.6,8.5,29,29,2.190,0.000,2.100,0.000,0.000,below_cutoff,self_consumption,100,30,False
2026-07-05 02:00,summer,2.5,3.6,8.5,29,29,3.920,0.000,3.830,0.000,0.000,below_cutoff,self_consumption,100,29,False
2026-07-05 03:00,summer,2.3,3.6,8.5,29,29,2.420,0.000,2.330,0.000,0.000,below_cutoff,self_consumption,100,30,False
2026-07-05 04:00,summer,2.3,3.6,8.5,29,29,1.540,0.000,1.450,0.000,0.000,below_cutoff,self_consumption,100,30,False
2026-07-05 05:00,summer,2.2,3.6,8.5,29,29,1.520,0.010,1.440,0.000,0.000,below_cutoff,self_consumption,100,29,False
2026-07-05 06:00,summer,2.1,3.6,7.7,29,29,1.220,0.290,1.420,0.000,0.000,below_cutoff,self_consumption,100,30,False
2026-07-05 07:00,summer,1.7,3.6,7.8,29,29,1.200,0.460,1.580,0.000,0.000,below_cutoff,self_consumption,100,29,False
2026-07-05 08:00,summer,2.0,3.6,7.8,29,29,0.780,1.000,1.680,0.000,0.000,below_cutoff,self_consumption,100,30,False
2026-07-05 09:00,summer,2.6,3.6,8.0,29,31,0.430,1.230,1.180,0.400,0.000,below_cutoff,self_consumption,100,30,False
2026-07-05 10:00,summer,2.9,3.6,8.4,31,32,0.120,1.230,0.970,0.200,0.000,below_cutoff,self_consumption,100,29,False
2026-07-05 11:00,summer,3.2,3.5,8.8,32,32,0.420,1.380,1.640,0.000,0.000,below_cutoff,self_consumption,100,30,False
2026-07-05 12:00,summer,2.9,3.4,9.0,32,32,0.720,1.170,1.800,0.000,0.000,below_cutoff,self_consumption,100,29,False
2026-07-05 13:00,summer,3.6,3.4,8.6,32,37,0.080,1.610,0.720,1.000,0.000,below_cutoff,self_consumption,100,30,False
2026-07-05 14:00,summer,3.7,3.4,7.9,37,43,0.020,2.200,0.680,1.200,0.000,below_cutoff,self_consumption,100,30,False
2026-07-05 15:00,summer,5.5,3.4,7.3,44,47,0.760,1.800,1.810,0.600,0.000,below_cutoff,self_consumption,100,29,False
2026-07-05 16:00,summer,83.3,3.4,7.6,47,40,0.910,0.750,3.130,0.000,1.400,above_cutoff,self_consumption,15,30,False
2026-07-05 17:00,summer,6.6,3.4,7.5,40,40,1.390,0.750,2.080,0.000,0.000,below_cutoff,self_consumption,100,29,False
2026-07-05 18:00,summer,6.2,3.5,7.5,40,40,1.140,0.920,1.910,0.000,0.000,below_cutoff,self_consumption,100,30,False
2026-07-05 19:00,summer,4.6,3.5,7.6,40,40,2.420,0.300,2.640,0.000,0.000,below_cutoff,self_consumption,100,29,False
2026-07-05 20:00,summer,4.6,3.7,7.7,40,40,4.990,0.000,4.910,0.000,0.000,below_cutoff,self_consumption,100,30,False
2026-07-05 21:00,summer,4.2,3.8,7.8,40,40,3.790,0.000,3.690,0.000,0.000,below_cutoff,self_consumption,100,30,False
2026-07-05 22:00,summer,3.6,3.8,7.8,40,40,2.600,0.000,2.520,0.000,0.000,below_cutoff,self_consumption,100,29,False
2026-07-05 23:00,summer,3.3,3.8,8.6,40,40,2.480,0.000,2.390,0.000,0.000,below_cutoff,self_consumption,100,30,False
2026-07-06 00:00,summer,2.9,3.8,7.7,40,40,2.380,0.000,2.290,0.000,0.000,below_cutoff,self_consumption,100,29,False
2026-07-06 01:00,summer,2.6,3.8,7.7,40,40,2.460,0.000,2.360,0.000,0.000,below_cutoff,self_consumption,100,30,False
2026-07-06 02:00,summer,2.5,3.8,7.7,40,40,4.370,0.000,4.290,0.000,0.000,below_cutoff,self_consumption,100,30,False
2026-07-06 03:00,summer,2.6,3.8,7.7,40,40,1.200,0.000,1.110,0.000,0.000,below_cutoff,self_consumption,100,29,False
2026-07-06 04:00,summer,2.0,3.8,7.7,40,40,0.570,0.000,0.470,0.000,0.000,below_cutoff,self_consumption,100,30,False
2026-07-06 05:00,summer,2.2,3.8,7.7,40,40,0.610,0.020,0.540,0.000,0.000,below_cutoff,self_consumption,100,30,False
2026-07-06 06:00,summer,3.1,3.8,6.9,40,40,0.290,0.240,0.450,0.000,0.000,below_cutoff,self_consumption,100,29,False
2026-07-06 07:00,summer,3.4,3.8,6.9,40,40,0.110,0.530,0.480,0.000,0.000,below_cutoff,self_consumption,100,30,False
2026-07-06 08:00,summer,3.5,3.8,6.7,40,48,0.000,2.380,0.580,1.600,0.000,below_cutoff,self_consumption,100,29,False
2026-07-06 09:00,summer,3.5,3.8,6.5,48,60,0.000,3.650,0.940,2.400,0.000,below_cutoff,self_consumption,100,30,False
2026-07-06 10:00,summer,4.4,3.9,6.7,60,69,0.010,4.690,2.660,1.800,0.000,below_cutoff,self_consumption,100,30,False
2026-07-06 11:00,summer,3.9,3.9,7.1,69,74,0.010,5.180,3.940,1.000,0.000,below_cutoff,self_consumption,100,29,False
2026-07-06 12:00,summer,5.5,4.1,7.0,74,85,0.010,5.630,3.450,2.200,0.000,below_cutoff,self_consumption,100,30,False
2026-07-06 13:00,summer,5.8,4.3,7.0,85,95,-10.950,5.480,1.990,2.000,0.000,below_cutoff,self_consumption,100,29,False
2026-07-06 14:00,summer,7.0,4.4,6.5,95,95,10.850,5.440,4.520,0.000,0.000,above_cutoff,self_consumption,55,30,False
2026-07-06 15:00,summer,31.1,4.7,6.3,95,94,-10.530,4.320,4.190,0.000,0.200,above_cutoff,self_consumption,15,29,False
2026-07-06 16:00,summer,10.3,4.6,5.8,95,95,2.210,3.770,0.780,0.000,0.000,above_cutoff,self_consumption,35,30,False
2026-07-06 17:00,summer,4.9,4.6,5.7,95,93,8.560,2.710,3.380,0.000,0.400,below_cutoff,self_consumption,100,24,False
2026-07-06 18:00,summer,12.2,4.6,5.7,93,92,0.080,1.000,1.210,0.000,0.200,above_cutoff,self_consumption,33,29,False
2026-07-06 19:00,summer,7.5,4.9,5.9,92,85,0.010,0.170,1.480,0.000,1.400,above_cutoff,self_consumption,55,30,False
2026-07-06 20:00,summer,9.5,5.5,7.0,84,65,0.020,0.010,4.040,0.000,3.800,above_cutoff,self_consumption,40,29,False
